species,taxon_rank,observation_id,url,observed_on,observer_login,observer_name,place_guess,latitude,longitude,obscured,positional_accuracy_m,quality_grade,captive_cultivated,n_identifications,n_photos,photo_licences,description,observation_licence
Cyrtosperma,genus,311394059,https://www.inaturalist.org/observations/311394059,,geetha_kumari,GEETHA KUMARI Boga,,,,False,,casual,False,1,1,cc-by-nc,,cc-by-nc
Cyrtosperma,genus,295045879,https://www.inaturalist.org/observations/295045879,,desiplutfiah_1512,,"Istana Bogor, Paledang, Kecamatan Bogor Tengah, Kota Bogor, Jawa Barat, Indonesia",-6.597628929,106.799569577,False,323,casual,True,1,1,cc-by-nc,,cc-by-nc
Cyrtosperma,genus,220196613,https://www.inaturalist.org/observations/220196613,,anaxliyana,anaxliyana,"Kemensah Heights, 68000 Ampang, Selangor, Malaysia",3.2091920938,101.7575413361,False,8,casual,False,1,2,None;None,,
Cyrtosperma,genus,186279401,https://www.inaturalist.org/observations/186279401,,anaxliyana,anaxliyana,"50603 Kuala Lumpur, Federal Territory of Kuala Lumpur, Malaysia",3.1307075555,101.6581591219,False,213,casual,False,1,1,None,,
Cyrtosperma,genus,550062,https://www.inaturalist.org/observations/550062,2014-01-03,techieoldfox,Jonathan Hiew,"botanic garden, singapore",1.315916,103.815275,False,33,casual,True,1,1,cc-by-nc-sa,Cyrtosperma sp.,cc-by-nc-sa
Cyrtosperma,genus,72142469,https://www.inaturalist.org/observations/72142469,2021-03-27,khong_shi_mun147524,Khong Shi Mun 147524,"Taman Pekaka, 11700 Gelugor, Pulau Pinang, Malaysia",5.351646655,100.2972116321,False,8,casual,True,1,1,cc-by-nc,,cc-by-nc
Cyrtosperma,genus,95553833,https://www.inaturalist.org/observations/95553833,2021-09-18,hugo422,Hugo Bracero,,,,False,,casual,False,1,1,None,,
Cyrtosperma,genus,118494583,https://www.inaturalist.org/observations/118494583,2022-05-24,adelinehii,Adeline Hii,"No. 242-243, 2nd Floor, Jalan Tun Ahmad Zaidi, Sarawak, 97000 Bintulu, Sarawak, Malaysia",3.1885416,113.0486679,False,1899,needs_id,False,3,2,cc-by-nc;cc-by-nc,,cc-by-nc
Cyrtosperma,genus,147252328,https://www.inaturalist.org/observations/147252328,2023-01-24,ongzi,Ong Jyh Seng,"Sarikei, Sarawak, Malaysia",2.1148833333,111.5228277778,False,,needs_id,False,4,1,cc-by-sa,,cc-by-sa
Cyrtosperma,genus,185508310,https://www.inaturalist.org/observations/185508310,2023-07-07,tanager912,Anne Heyerly,"North Fly District, Papua New Guinea",-6.002294445,141.3309333333,False,3,needs_id,False,4,1,cc-by-nc,,cc-by-nc
Cyrtosperma,genus,175319063,https://www.inaturalist.org/observations/175319063,2023-07-28,akmal_idham,Akmal Idham,"Bukit Raja, Selangor, Malaysia",3.16915,101.4977833333,False,,needs_id,False,3,3,cc-by-nc;cc-by-nc;cc-by-nc,,cc-by-nc
Cyrtosperma,genus,182013523,https://www.inaturalist.org/observations/182013523,2023-08-30,bernhardlettneraustria,,"Jayapura, Papua, Indonesien",-2.5443871759,140.1430631493,False,8,needs_id,False,1,1,cc-by-nc,,cc-by-nc
Cyrtosperma,genus,316054375,https://www.inaturalist.org/observations/316054375,2024-01-27,abduelhakim,Hakim,"Malalilis, Distrik Klayili, Kabupaten Sorong, Papua Bar., Indonesia",-0.9437535,131.5112776,False,10728,needs_id,False,2,2,cc-by-nc;cc-by-nc,,cc-by-nc
Cyrtosperma,genus,260884389,https://www.inaturalist.org/observations/260884389,2024-02-10,douentza,Rachel Darlington,"Kinabatangan River, Sabah, Malaysia",5.5983488985,118.1706052199,False,37877,needs_id,False,1,1,cc-by-nc,,cc-by-nc
Cyrtosperma,genus,216149092,https://www.inaturalist.org/observations/216149092,2024-04-27,lunarjade,,"VWCC+J3 Panti Forest, Gunung Panti Recreational Forest, 81900 Kota Tinggi, Johor, Malaysia",1.8715526,103.9201874,False,213,needs_id,False,2,1,cc-by-nc,,cc-by-nc
Cyrtosperma,genus,313746158,https://www.inaturalist.org/observations/313746158,2025-01-06,benackerley,Ben Ackerley,"Sorong Timur, Sorong, West Papua, ID",-0.9184033333,131.3432616667,False,10,needs_id,False,3,1,cc-by-nc,,cc-by-nc
Cyrtosperma,genus,259624679,https://www.inaturalist.org/observations/259624679,2025-01-06,chrismac,Christine McCormack,"Sorong Timur, Sorong, West Papua, ID",-0.9176998595,131.3441997994,False,116,needs_id,False,1,1,cc-by-nc,,cc-by-nc
Cyrtosperma,genus,258647656,https://www.inaturalist.org/observations/258647656,2025-01-15,fabriciocs,Fabricio Carvalho da Silva,Jardim Botânico do Rio de Janeiro,-22.9705195399,-43.2234207541,False,193,needs_id,False,3,4,cc-by;cc-by;cc-by;cc-by,,cc-by
Cyrtosperma,genus,263714841,https://www.inaturalist.org/observations/263714841,2025-02-27,dilyanged,Dilyanged,"Palau, PW",7.2582883333,134.442245,False,44,needs_id,False,2,4,cc-by-nc;cc-by-nc;cc-by-nc;cc-by-nc,,cc-by-nc
Cyrtosperma,genus,272852163,https://www.inaturalist.org/observations/272852163,2025-04-25,elijah17053,Elijah Montecillo,"HW6H+5RQ, Nabunturan, Davao de Oro, Philippines",7.56019945,125.92886753,False,3,casual,True,1,1,None,,
Cyrtosperma,genus,274513629,https://www.inaturalist.org/observations/274513629,2025-04-27,caseyfication,Vreni Gem O. Caasi,"Tagum, Davao del Norte, Philippines",7.4722503868,125.8312744922,False,31,needs_id,False,2,1,cc-by,,cc-by
Cyrtosperma,genus,292398807,https://www.inaturalist.org/observations/292398807,2025-06-19,ibnu_fatieh_nurzakki,Ibnu Zaki,"9RX2+M7Q Akuatik Park, RT.04/RW.02, Paledang, Bogor Tengah, Bogor City, West Java 16122, Indonesia",-6.6006184286,106.8007192388,False,73,casual,True,1,3,cc-by-nc;cc-by-nc;cc-by-nc,,cc-by-nc
Cyrtosperma,genus,295030641,https://www.inaturalist.org/observations/295030641,2025-07-05,alipalawi,Alip Alawi,"5GJR+4GG, Jatipancur, Kec. Greged, Kabupaten Cirebon, Jawa Barat 45172, Indonesia",-6.8196924774,108.5413257033,False,214,casual,True,2,3,cc-by-nc;cc-by-nc;cc-by-nc,,cc-by-nc
Cyrtosperma,genus,311484194,https://www.inaturalist.org/observations/311484194,2025-07-25,haniristiawan,Hani Ristiawan,"Kota Sorong, ID-IB, ID",-0.9181454857,131.3440057681,False,245,needs_id,False,2,2,cc-by-nc;cc-by-nc,,cc-by-nc
Cyrtosperma,genus,308838089,https://www.inaturalist.org/observations/308838089,2025-08-13,yerbasanta,yerbasanta,"San Marino, CA 91108, USA",34.1287791538,-118.11439991,False,13,casual,True,1,5,cc-by-nc;cc-by-nc;cc-by-nc;cc-by-nc;cc-by-nc,"Photos for reference and/or range, phenology of uncommon exotic species.  Labeled plant. In greenhouse ",cc-by-nc
Cyrtosperma,genus,315989798,https://www.inaturalist.org/observations/315989798,2025-08-28,haniristiawan,Hani Ristiawan,"Kota Sorong, Papua Bar., Indonesia",-0.9334460604,131.4144442461,False,3694,needs_id,False,2,3,cc-by-nc;cc-by-nc;cc-by-nc,,cc-by-nc
Cyrtosperma,genus,321600428,https://www.inaturalist.org/observations/321600428,2025-10-18,kaylaaquatic15,iqbal ridhany,"WV47+FH9, Kuala Kurun, Kec. Kurun, Kabupaten Gunung MAS, Kalimantan Tengah 74571, Indonesia",-1.0935630859,113.8638647273,False,301,needs_id,False,1,2,None;None,,
Cyrtosperma,genus,322893549,https://www.inaturalist.org/observations/322893549,2025-10-25,tuti6,Tuti Hartati,"7G7J+4JJ, Karyamulya, Kec. Kesambi, Kota Cirebon, Jawa Barat, Indonesia",-6.7372601,108.5316048,False,11,casual,True,1,1,cc-by-nc,,cc-by-nc
Cyrtosperma,genus,325615720,https://www.inaturalist.org/observations/325615720,2025-11-08,douch,James K. Douch,"Madang, PG",-5.2258,145.6858666667,False,33,needs_id,False,2,1,cc-by-sa,,cc-by-sa
Cyrtosperma,genus,335481480,https://www.inaturalist.org/observations/335481480,2026-01-19,pasttier,Luis Sibira,Vivero Falcón,10.6566975491,-71.6092625633,False,6,casual,True,1,2,None;None,,
Cyrtosperma,genus,336338442,https://www.inaturalist.org/observations/336338442,2026-01-27,lenachow,Lena Chow,"MacRitchie Reservoir, Singapore",1.3447621,103.8223506,False,1727,needs_id,False,3,1,None,,
Cyrtosperma,genus,338523943,https://www.inaturalist.org/observations/338523943,2026-02-11,yanuar_idc,Yanuar Ishaq Dc,"Manokwari Barat, Manokwari, West Papua, ID",-0.8561333333,134.0801555,False,227,needs_id,False,2,2,cc-by-nc-sa;cc-by-nc-sa,,cc-by-nc-sa
Cyrtosperma,genus,349210198,https://www.inaturalist.org/observations/349210198,2026-04-12,user157,.,,,,True,,needs_id,False,1,2,None;None,Cyrtosperma ferox in flower  Elevation 36m,
Cyrtosperma,genus,349193443,https://www.inaturalist.org/observations/349193443,2026-04-12,user157,.,,,,True,5,needs_id,False,1,2,None;None,"Cyrtosperma ferox   growing near water body in lowland forest, near Tacca cristata.  elevation 34m",
Cyrtosperma,genus,362678033,https://www.inaturalist.org/observations/362678033,2026-05-08,mdoliveira,,"Tanglin, Singapore",1.3150638889,103.8145361111,False,,casual,True,1,1,cc-by-nc,,cc-by-nc
Cyrtosperma,genus,360895951,https://www.inaturalist.org/observations/360895951,2026-05-12,salam_firdaus,Salam Firdaus,"Tlk. Meranti, Kec. Tlk. Meranti, Kabupaten Pelalawan, Riau, Indonesia",0.3311118307,102.7241645381,False,100,needs_id,False,1,7,cc-by-nc;cc-by-nc;cc-by-nc;cc-by-nc;cc-by-nc;cc-by-nc;cc-by-nc,,cc-by-nc
Cyrtosperma,genus,365669943,https://www.inaturalist.org/observations/365669943,2026-05-23,anisa_ika,Anisa Ika Sari,"43WG+28, Padarni, Kec. Manokwari Bar., Kabupaten Manokwari, Papua Bar. 98312, Indonesia",-0.8558133333,134.07562,False,3,needs_id,False,2,1,cc-by-nc,bunga,cc-by-nc
Cyrtosperma,genus,366483212,https://www.inaturalist.org/observations/366483212,2026-05-29,samuel_lee,Samuel Lee,"Johor, MY",1.8090053137,103.8965110126,True,,needs_id,False,1,3,cc-by;cc-by;cc-by,,cc-by
Cyrtosperma carrii,species,341826038,https://www.inaturalist.org/observations/341826038,2012-08-18,isjo,,"80 Munich-Neuhausen-Nymphenburg, Alemania",48.163805336,11.5023816892,False,15,casual,True,1,2,cc-by-nc;cc-by-nc,,cc-by-nc
Cyrtosperma carrii,species,290257769,https://www.inaturalist.org/observations/290257769,2025-06-07,johnpaulhouston,,"Koiari Rural LLG, Central Province, Papua New Guinea",-9.4658276278,147.5044815615,False,1885,research,False,3,2,cc-by-nc;cc-by-nc,,
Cyrtosperma cuspidispathum,species,70808405,https://www.inaturalist.org/observations/70808405,2018-08-02,mehdh,Mehd Halaouate,"Nimbotong, Beneik, Kec. Unurum Guay, Jayapura, Papua, Indonesien",-2.605065,140.0635069,False,2167,research,False,4,1,cc-by-nc,,cc-by-nc
Cyrtosperma cuspidispathum,species,70808404,https://www.inaturalist.org/observations/70808404,2018-08-02,mehdh,Mehd Halaouate,"Nimbotong, Beneik, Kec. Unurum Guay, Jayapura, Papua, Indonesien",-2.605065,140.0635069,False,2167,research,False,2,1,cc-by-nc,,cc-by-nc
Cyrtosperma cuspidispathum,species,108690832,https://www.inaturalist.org/observations/108690832,2018-10-31,russellcumming,Russell Cumming,"Cairns QLD, Australia",-16.8989666835,145.7475578785,False,15,casual,True,1,7,cc-by-nc;cc-by-nc;cc-by-nc;cc-by-nc;cc-by-nc;cc-by-nc;cc-by-nc,"Flecker Botanic Garden.  Cyrtosperma cuspidispathum x hambalianum. iNat doesn't have this hybrid.",cc-by-nc
Cyrtosperma cuspidispathum,species,30462449,https://www.inaturalist.org/observations/30462449,2019-07-25,yanuar_idc,Yanuar Ishaq Dc,"Raja Ampat Regency, West Papua, Indonesia",-0.453205254,130.6579849433,False,488,needs_id,False,3,1,cc-by-nc-sa,,cc-by-nc-sa
Cyrtosperma cuspidispathum,species,188122673,https://www.inaturalist.org/observations/188122673,2023-10-19,gancw1,Cheongweei Gan,"Rhepang Muaib, Nimbokrang, Jayapura Regency, Papua, Indonesia",-2.5635697372,140.0990285352,False,336,research,False,5,3,cc-by;cc-by;cc-by,,cc0
Cyrtosperma cuspidispathum,species,188882213,https://www.inaturalist.org/observations/188882213,2023-10-25,gancw1,Cheongweei Gan,"Rangkendak, Kramongmongga, Fakfak Regency, West Papua, Indonesia",-2.7090597083,132.3089639278,False,,needs_id,False,4,1,cc-by,,cc0
Cyrtosperma cuspidispathum,species,253166137,https://www.inaturalist.org/observations/253166137,2024-11-26,bayanizzani,Bayan Izzani,"Bogor, Kp. Parung Jambu, Bogor City, West Java, Indonesia",-6.6018980556,106.7978313889,False,,casual,True,1,3,cc-by-nc;cc-by-nc;cc-by-nc,,cc-by-nc
Cyrtosperma cuspidispathum,species,330839675,https://www.inaturalist.org/observations/330839675,2025-12-08,johnpaulhouston,,"Koiari Rural LLG, Central Province, Papua New Guinea",-9.5253590316,147.5212403387,False,1514,needs_id,False,2,3,cc-by-nc;cc-by-nc;cc-by-nc,,
Cyrtosperma cuspidispathum,species,385906799,https://www.inaturalist.org/observations/385906799,2026-07-07,referiqbal,Refer Iqbal,"Nengke, Distrik Pantai Timur Bagian Barat, Kabupaten Sarmi, Papua, Indonesia",-2.0369968,139.1170862,False,1970,needs_id,False,1,1,cc-by-nc,,cc-by-nc
Cyrtosperma cuspidispathum,species,382801843,https://www.inaturalist.org/observations/382801843,2026-07-19,nusantara_wilderness,Nusantara Wilderness,"Sleman, Yogyakarta, ID",-7.6916566169,110.4254265849,False,41,casual,True,1,3,cc-by-nc;cc-by-nc;cc-by-nc,,cc-by-nc
Cyrtosperma giganteum,species,267486281,https://www.inaturalist.org/observations/267486281,,mico9597,flora and fauna of papua indonesia,"Kadun Jaya, Kec. Mimika Tim., Kabupaten Mimika, Papua, Indonesia",-4.6629272036,136.7349148169,False,90,casual,False,4,2,cc-by-nc;cc-by-nc,Cyrtosperma giganteum Engl. (Araceae—Lasioideae)  ,cc-by-nc
Cyrtosperma giganteum,species,293022569,https://www.inaturalist.org/observations/293022569,2025-06-27,avamliu,,"Singapore Botanic Gardens, Singapore, SG, SG",1.3149615191,103.8142602147,False,3,casual,True,2,1,cc-by-nc,,cc-by-nc
Cyrtosperma giganteum,species,382801610,https://www.inaturalist.org/observations/382801610,2026-07-19,nusantara_wilderness,Nusantara Wilderness,"Sleman, Yogyakarta, ID",-7.6915934309,110.4256084419,False,24,casual,True,1,3,cc-by-nc;cc-by-nc;cc-by-nc,,cc-by-nc
Cyrtosperma hambalii,species,191639045,https://www.inaturalist.org/observations/191639045,2023-11-21,yanuar_idc,Yanuar Ishaq Dc,"Sorong Timur, Sorong, West Papua, ID",-0.91902,131.33902,False,12,research,False,3,4,cc-by-nc-sa;cc-by-nc-sa;cc-by-nc-sa;cc-by-nc-sa,,cc-by-nc-sa
Cyrtosperma hambalii,species,279468358,https://www.inaturalist.org/observations/279468358,2025-05-08,yanuar_idc,Yanuar Ishaq Dc,"Sorong Timur, Sorong, West Papua, ID",-0.918895,131.3394783333,False,25,research,False,2,6,cc-by-nc-sa;cc-by-nc-sa;cc-by-nc-sa;cc-by-nc-sa;cc-by-nc-sa;cc-by-nc-sa,,cc-by-nc-sa
Cyrtosperma hambalii,species,279464995,https://www.inaturalist.org/observations/279464995,2025-05-08,dwisuratman,Dwi Suratman,"38HM+6HR, Klablim, Distrik Sorong Timur, Kota Sorong, Papua Bar. 98414, Indonesia",-0.9211527778,131.3343194444,False,,research,False,2,2,None;None,,
Cyrtosperma hambalii,species,323942550,https://www.inaturalist.org/observations/323942550,2025-08-08,abduelhakim,Hakim,"Klablim, Distrik Sorong Timur, Kota Sorong, Papua Barat Daya, Indonesia",-0.9207348959,131.3432331383,False,421,research,False,3,2,cc-by-nc;cc-by-nc,,cc-by-nc
Cyrtosperma hambalii,species,374252653,https://www.inaturalist.org/observations/374252653,2026-06-05,referiqbal,Refer Iqbal,"Kabupaten Mimika, Papua Tengah, Indonesia",-4.5230722222,136.7642361111,False,1052,needs_id,False,1,1,cc-by-nc,,cc-by-nc
Cyrtosperma hambalii,species,375745874,https://www.inaturalist.org/observations/375745874,2026-06-09,referiqbal,Refer Iqbal,"Kabupaten Mimika, Papua Tengah, Indonesia",-4.5304666667,136.8064277778,False,5,needs_id,False,1,1,cc-by-nc,,cc-by-nc
Cyrtosperma hayii,species,338003433,https://www.inaturalist.org/observations/338003433,2026-02-08,abduelhakim,Hakim,"43PM+WQ4, Ayambori, Manokwari Timur, Manokwari Regency, West Papua 98312, Indonesia",-0.8639055556,134.0852944444,False,,needs_id,False,3,4,cc-by-nc;cc-by-nc;cc-by-nc;cc-by-nc,,cc-by-nc
Cyrtosperma johnstonii,species,341826138,https://www.inaturalist.org/observations/341826138,2011-08-19,isjo,,"Berlín-Steglitz-Zehlendorf, Alemania",52.4561280543,13.307944368,False,31,casual,True,1,1,cc-by-nc,,cc-by-nc
Cyrtosperma johnstonii,species,565656,https://www.inaturalist.org/observations/565656,2013-09-06,techieoldfox,Jonathan Hiew,Singapore,1.279517,103.797933,False,,research,False,3,1,cc-by-nc-sa,"Arbi, Cyrtosperma johnstonii",cc-by-nc-sa
Cyrtosperma johnstonii,species,551907,https://www.inaturalist.org/observations/551907,2013-12-24,techieoldfox,Jonathan Hiew,Singapore,1.316047,103.8174,False,,casual,True,3,1,cc-by-nc-sa,Cyrtosperma johnstonii,cc-by-nc-sa
Cyrtosperma johnstonii,species,91846864,https://www.inaturalist.org/observations/91846864,2014-06-18,arkantor,Nuno Veríssimo P.,"Meise (🇧🇪 België, Brabant)",50.9359353,4.3294598,False,2500,casual,True,1,2,cc-by-nc-sa;cc-by-nc-sa,"Cultum, captivumve!",cc-by-nc-sa
Cyrtosperma johnstonii,species,2369912,https://www.inaturalist.org/observations/2369912,2015-11-03,techieoldfox,Jonathan Hiew,Singapore,1.316108,103.8173599,False,,casual,True,2,1,cc-by-nc-sa,"Arbi, Crytosperma johnstonii",cc-by-nc-sa
Cyrtosperma johnstonii,species,69489256,https://www.inaturalist.org/observations/69489256,2021-02-13,sunnyscience_sungw,SunGW,Jacob Ballas Children's Garden,1.3207603129,103.8179241121,False,219,casual,True,4,2,cc-by-nc;cc-by-nc,,cc-by-nc
Cyrtosperma johnstonii,species,96870072,https://www.inaturalist.org/observations/96870072,2021-10-02,sunnyscience_sungw,SunGW,"Queenstown, Singapore",1.279524,103.7979509722,False,,research,False,3,4,cc-by-nc;cc-by-nc;cc-by-nc;cc-by-nc,,cc-by-nc
Cyrtosperma johnstonii,species,114599746,https://www.inaturalist.org/observations/114599746,2022-05-02,curiosity,Kierr Jasper Sancover,Butuan City,8.9475084903,125.5406232923,False,22936,casual,True,1,18,None;None;None;None;None;None;None;None;None;None;None;None;None;None;None;None;None;None,,
Cyrtosperma johnstonii,species,130468368,https://www.inaturalist.org/observations/130468368,2022-08-11,natev,Nate Venarske,"Hawaii County, US-HI, US",19.8084155077,-155.0933734459,False,261,casual,True,1,1,cc-by-nc,,cc-by-nc
Cyrtosperma johnstonii,species,130724747,https://www.inaturalist.org/observations/130724747,2022-08-14,kittipan,Kittipan Pae Panthanont,35/1 แขวง บางค้อ เขตจอมทอง กรุงเทพมหานคร 10150 ประเทศไทย,13.710945,100.467325,False,,casual,True,2,2,None;None,สิงหโมรา,
Cyrtosperma johnstonii,species,173123905,https://www.inaturalist.org/observations/173123905,2023-07-13,marcosmortara,Marcos Mortara,Jardim Botânico do Rio de Janeiro,-22.9673717846,-43.2250381261,False,509,casual,True,1,5,cc-by-nc;cc-by-nc;cc-by-nc;cc-by-nc;cc-by-nc,,cc-by-nc
Cyrtosperma johnstonii,species,179546462,https://www.inaturalist.org/observations/179546462,2023-08-10,manojkmohan,Manoj Karingamadathil,Singapore Botanic Gardens,1.3208353084,103.8160655097,False,220,casual,True,2,1,cc-by-sa,,cc-by
Cyrtosperma johnstonii,species,183313867,https://www.inaturalist.org/observations/183313867,2023-09-14,pratyeka,,"Lincoln Park, Chicago, IL, USA",41.9242438482,-87.6353303343,False,156,casual,True,1,2,cc-by-nc;cc-by-nc,As per botanical label. ,cc-by-nc
Cyrtosperma johnstonii,species,183311032,https://www.inaturalist.org/observations/183311032,2023-09-14,anapom,,"Singapore Island, SG",1.2883556727,103.7887923557,False,9,research,False,6,4,cc-by-nc;cc-by-nc;cc-by-nc;cc-by-nc,"thorns, near swamp",cc-by-nc
Cyrtosperma johnstonii,species,184132168,https://www.inaturalist.org/observations/184132168,2023-09-17,hakkahamushi,,日本、〒305-0005 茨城県つくば市天久保,36.1013332711,140.1112886057,False,4,casual,True,1,1,cc-by-nc,,cc-by-nc
Cyrtosperma johnstonii,species,189968441,https://www.inaturalist.org/observations/189968441,2023-11-04,sdurak,,"Brooklyn Botanic Garden, New York, NY, US",40.6658416062,-73.9619099324,False,959,casual,True,1,1,cc-by-nc,,cc-by-nc
Cyrtosperma johnstonii,species,192807867,https://www.inaturalist.org/observations/192807867,2023-12-02,skorotkov,Сергей,"Ботанический сад МГУ имени М. В. Ломоносова «АПТЕКАРСКИЙ ОГОРОД», Москва, Москва, RU",55.7774666667,37.6345366667,False,1184,casual,True,1,1,cc-by-nc,,cc-by-nc
Cyrtosperma johnstonii,species,206748940,https://www.inaturalist.org/observations/206748940,2024-04-12,themoojuice,Dr Spood dude,"Collins Ave at Cairns Botanic Gardens, Edge Hill QLD 4870, Australia",-16.9000155997,145.7482361,False,,research,False,5,1,None,,
Cyrtosperma johnstonii,species,207864290,https://www.inaturalist.org/observations/207864290,2024-04-18,bicyclherbe,,"Nong Bon, Prawet, Bangkok 10250, Thaïlande",13.6912345,100.6638298,False,,casual,True,1,4,cc-by-nc;cc-by-nc;cc-by-nc;cc-by-nc,,cc-by-nc
Cyrtosperma johnstonii,species,215632761,https://www.inaturalist.org/observations/215632761,2024-05-14,linshengisaac,,"Tanglin, Singapore",1.3194583333,103.8154166667,False,4,casual,True,3,1,cc-by-nc,,cc-by-nc
Cyrtosperma johnstonii,species,246644763,https://www.inaturalist.org/observations/246644763,2024-10-03,stephanie64624,Stephanie Geborde,"Brooklyn, NY, USA",40.6658361111,-73.9619,False,5,casual,True,1,1,None,,
Cyrtosperma johnstonii,species,247506296,https://www.inaturalist.org/observations/247506296,2024-10-06,legolas1,,"Queenstown, Singapur",1.2793587742,103.7981188546,False,15,casual,True,4,2,cc-by-nc;cc-by-nc,,cc-by-nc
Cyrtosperma johnstonii,species,253905166,https://www.inaturalist.org/observations/253905166,2024-11-22,pritapp,Pritish Appadoo,"Tropical Spice Garden | Events Venue | Cooking Classes | Spice Store, Lot 595 Mukim, 2, Jalan Teluk Bahang, Teluk Bahang, 11050 George Town, Pulau Pinang, Malaysia",5.4634881,100.2293398,False,120,research,False,5,1,None,,
Cyrtosperma johnstonii,species,253165689,https://www.inaturalist.org/observations/253165689,2024-11-26,bayanizzani,Bayan Izzani,"Bogor, Kp. Parung Jambu, Bogor City, West Java, Indonesia",-6.601420882,106.8007380941,False,31,casual,True,1,1,cc-by-nc,,cc-by-nc
Cyrtosperma johnstonii,species,271451974,https://www.inaturalist.org/observations/271451974,2025-04-19,amduggie,Alexander M Duggie,"Tanglin, Singapore",1.3108724,103.8152601997,False,,casual,True,2,3,cc-by-nc;cc-by-nc;cc-by-nc,,cc-by-nc
Cyrtosperma johnstonii,species,273690463,https://www.inaturalist.org/observations/273690463,2025-04-25,lguchrmo_rustomamante,lguchrmo_rustomamante,Busaon,7.3642431405,125.7788969949,False,4122,needs_id,False,2,1,cc-by-nc,,cc-by-nc
Cyrtosperma johnstonii,species,307352557,https://www.inaturalist.org/observations/307352557,2025-08-18,davidmor46,David Morales-Zambrano,"Falcón, Maracaibo, Zulia, VE",10.656425,-71.60927,False,11,needs_id,False,3,1,None,,
Cyrtosperma johnstonii,species,331841943,https://www.inaturalist.org/observations/331841943,2025-10-15,sdjbrown,Samuel Brown,"Birao, Solomon Islands",-9.8322277778,160.8343805556,False,19,research,False,3,3,cc-by;cc-by;cc-by,,cc0
Cyrtosperma johnstonii,species,331841928,https://www.inaturalist.org/observations/331841928,2025-10-15,sdjbrown,Samuel Brown,"Birao, Solomon Islands",-9.833475,160.83725,False,13,research,False,3,3,cc-by;cc-by;cc-by,,cc0
Cyrtosperma johnstonii,species,331849376,https://www.inaturalist.org/observations/331849376,2025-10-16,sdjbrown,Samuel Brown,"Birao, Solomon Islands",-9.8176138889,160.8168638889,False,4,research,False,3,5,cc-by;cc-by;cc-by;cc-by;cc-by,,cc0
Cyrtosperma johnstonii,species,334770790,https://www.inaturalist.org/observations/334770790,2026-01-15,thomas39811,Thomas Bauer,"Johnstone, AU-QL, AU",-17.8271631689,146.0517566567,False,9,research,False,3,1,cc-by-nc,,cc-by-nc
Cyrtosperma johnstonii,species,334770766,https://www.inaturalist.org/observations/334770766,2026-01-15,thomas39811,Thomas Bauer,"South Maria Creek Cl, Maria Creeks, QLD, AU",-17.8272191578,146.0518316007,False,11,needs_id,False,2,1,cc-by-nc,,cc-by-nc
Cyrtosperma johnstonii,species,379290544,https://www.inaturalist.org/observations/379290544,2026-07-05,amduggie,Alexander M Duggie,"บ้านครัวเหนือ Saen Saep, Khet Ratchathewi, Krung Thep Maha Nakhon 10400, Thailand",13.7491866997,100.5280771997,False,,casual,True,1,3,cc-by-nc;cc-by-nc;cc-by-nc,,cc-by-nc
Cyrtosperma johnstonii,species,380244744,https://www.inaturalist.org/observations/380244744,2026-07-10,harithkz,Slug,,,,True,207,casual,True,1,3,cc-by-nc;cc-by-nc;cc-by-nc,"Keladi Ular Traditionally used for skin diseases, absess, insect & snake bites. Although there's no study on the direct traditional application but it's been clinically studied & proven to be anti-inflammatory, antioxidant & anti-cancer against certain cancer cells.  Looks hella pretty too    ",cc-by-nc
Cyrtosperma johnstonii,species,383264527,https://www.inaturalist.org/observations/383264527,2026-07-18,bayanizzani,Bayan Izzani,"9RX2+M7Q Akuatik Park, RT.04/RW.02, Paledang, Bogor Tengah, Bogor City, West Java 16122, Indonesia",-6.6006324997,106.8006531,False,,casual,True,1,3,cc-by-nc;cc-by-nc;cc-by-nc,,cc-by-nc
Cyrtosperma johnstonii,species,382802063,https://www.inaturalist.org/observations/382802063,2026-07-19,nusantara_wilderness,Nusantara Wilderness,"Sleman, Yogyakarta, ID",-7.6916754273,110.4255376221,False,28,casual,True,1,2,cc-by-nc;cc-by-nc,,cc-by-nc
Cyrtosperma macrotum,species,181756450,https://www.inaturalist.org/observations/181756450,2023-08-13,bernhardlettneraustria,,"Fakfak, Papua Barat, Indonesien",-2.9202287181,132.317564155,False,4,needs_id,False,1,1,cc-by-nc,,cc-by-nc
Cyrtosperma macrotum,species,178230144,https://www.inaturalist.org/observations/178230144,2023-08-13,bernhardlettneraustria,,"Fakfak Tengah, Kabupaten Fakfak, West-Papua, ID",-2.9189798373,132.3162780818,False,37,research,False,2,1,cc-by-nc,,cc-by-nc
Cyrtosperma macrotum,species,178345184,https://www.inaturalist.org/observations/178345184,2023-08-14,bernhardlettneraustria,,"Jalan Hurimber - Baham - Bomberay, Kabupaten Fakfak, West-Papua, ID",-2.7423813393,132.3485925868,False,66,research,False,2,3,cc-by-nc;cc-by-nc;cc-by-nc,,cc-by-nc
Cyrtosperma macrotum,species,311936998,https://www.inaturalist.org/observations/311936998,2024-01-17,abduelhakim,Hakim,"3G46+FGR, Malalilis, Distrik Klayili, Kabupaten Sorong, Papua Bar., Indonesia",-0.9437529132,131.5112775564,False,10740,needs_id,False,3,1,cc-by-nc,,cc-by-nc
Cyrtosperma macrotum,species,300005892,https://www.inaturalist.org/observations/300005892,2025-07-22,dougnaturalist,,"Western Province, PG",-6.0020497781,141.3308666635,False,4,needs_id,False,2,1,None,,
Cyrtosperma macrotum,species,322008157,https://www.inaturalist.org/observations/322008157,2025-10-08,shawnodonnell,Shawn O'Donnell,"Manokwari Timur, Manokwari Barat, Manokwari Regency, West Papua, Indonesia",-0.8632358997,134.0747842,False,,needs_id,False,2,4,cc-by;cc-by;cc-by;cc-by,,cc0
Cyrtosperma macrotum,species,327241223,https://www.inaturalist.org/observations/327241223,2025-10-18,bewambay,,"Sorong, Sorong City, Southwest Papua, Indonesia",-0.9157388889,131.3343194444,False,,research,False,3,1,cc-by-nc,,cc-by-nc
Cyrtosperma macrotum,species,325493170,https://www.inaturalist.org/observations/325493170,2025-11-08,ezra_teta,Ezra Tetelepta,"Sorong Regency, Southwest Papua, Indonesia",-0.9773972222,131.3599222222,False,,research,False,5,2,cc-by-nc;cc-by-nc,,cc-by-nc
Cyrtosperma macrotum,species,373447122,https://www.inaturalist.org/observations/373447122,2026-06-01,referiqbal,Refer Iqbal,"Kabupaten Mimika, Papua Tengah, Indonesia",-4.5563638889,136.7743472222,False,,research,False,2,1,cc-by-nc,,cc-by-nc
Cyrtosperma macrotum,species,379033533,https://www.inaturalist.org/observations/379033533,2026-07-07,dwisuratman,Dwi Suratman,"Waibo, Salawati Tengah, Kabupaten Raja Ampat, Papua Barat Daya, Indonesia",-1.0316049941,131.0251020268,False,5,needs_id,False,1,2,None;None,,
Cyrtosperma merkusii,species,254653003,https://www.inaturalist.org/observations/254653003,,kayzee-hawley2004,Kerry Hawley,"Kitti, Pohnpei, Micronesia",6.905473784,158.1637645885,False,,casual,True,3,1,None,,
Cyrtosperma merkusii,species,57549176,https://www.inaturalist.org/observations/57549176,2008-11-03,igorazevedo,Igor Azevedo,"Sítio Roberto Burle Marx, Barra de Guaratiba, Rio de Janeiro - RJ, Brasil",-23.0237664353,-43.546532306,False,108,casual,True,1,3,cc-by-nc;cc-by-nc;cc-by-nc,,cc-by-nc
Cyrtosperma merkusii,species,229813565,https://www.inaturalist.org/observations/229813565,2009-03-24,kenneth_r_wood,Kenneth R. Wood (NTBG),"Kosrae, Micronesia",5.2991829,162.9696779,False,10728,research,False,2,3,cc-by-nc;cc-by-nc;cc-by-nc,,cc-by-nc
Cyrtosperma merkusii,species,216994,https://www.inaturalist.org/observations/216994,2012-07-14,johntasirin,John Tasirin,"Kepulauan Sangihe Talaud, ID-SW, ID",3.4407706139,125.5644607544,False,,casual,True,2,2,cc-by-nc;cc-by-nc,"Locals believe that the taro is a slow-food, it stays longer in one's digestive system. Some of the plants are planted by the locals. The majority of the plant population were naturaly established in the area.  The locals said that tubers of the cultivated plants were collected from the wild population.",cc-by-nc
Cyrtosperma merkusii,species,83927882,https://www.inaturalist.org/observations/83927882,2014-09-24,berniedup,Bernard DUPONT,"Niah Caves NP, Batu Niah, Sarawak, Malaysia",3.824861,113.765916,False,,research,False,5,1,cc-by,"Niah NP, Sarawak, MALAYSIA",cc-by
Cyrtosperma merkusii,species,5783253,https://www.inaturalist.org/observations/5783253,2017-04-16,adelinehii,Adeline Hii,"Jalan Setia Raja, 93350 Kuching, Sarawak, Malaysia",1.5196399,110.3889459,False,212,research,False,3,1,cc-by-nc,,cc-by-nc
Cyrtosperma merkusii,species,14827766,https://www.inaturalist.org/observations/14827766,2017-07-14,enfantterri,Sz-yi Tsai,Kiribati,1.8104660147,173.0290527861,False,10,casual,True,1,1,None,,
Cyrtosperma merkusii,species,8395215,https://www.inaturalist.org/observations/8395215,2017-09-29,pjd1,Peter de Lange,"Cook Islands, Rarotonga, Avana Stream Walk, Avana Stream",-21.24899,-159.760891,False,,research,False,2,3,cc0;cc0;cc0,Old Atoll Taro (Puraka) plantation growing in pre-European agricultural gardens (now covered in 'Au (Hibiscus tilaceus) forest with an understorey of Ana'e (Angiopteris evecta).,cc-by
Cyrtosperma merkusii,species,262277636,https://www.inaturalist.org/observations/262277636,2017-10-13,veronique-t,Véronique,"Paea, Polynésie française",-17.7447363262,-149.5672672614,False,703,research,False,8,1,cc-by-nc-sa,,cc-by-nc-sa
Cyrtosperma merkusii,species,74157543,https://www.inaturalist.org/observations/74157543,2018-01-09,jamesalexpark,James Park,"Luzon Island, Morong, Bataan, PH",14.6331383333,120.34703,False,24,research,False,3,2,cc-by-nc;cc-by-nc,,cc-by-nc
Cyrtosperma merkusii,species,18588975,https://www.inaturalist.org/observations/18588975,2018-01-11,rmcminds,Ryan McMinds,"Oikuul, Ngatpang, Palau",7.50464,134.546066,False,,research,False,6,1,cc-by,,cc-by
Cyrtosperma merkusii,species,17931634,https://www.inaturalist.org/observations/17931634,2018-05-26,holaa,Hannah Tzeng,"As Teo Drive, , MP, MP",15.1930966667,145.7622533333,False,8,research,False,4,1,None,,
Cyrtosperma merkusii,species,15288793,https://www.inaturalist.org/observations/15288793,2018-06-30,chriscacciapaglia,,"Kusaie, , Micronesia, FM",5.3338083333,162.9745633333,False,10,research,False,7,1,None,,
Cyrtosperma merkusii,species,15881946,https://www.inaturalist.org/observations/15881946,2018-08-25,greg3ph,Greg III Espera,"Montevista, PH-CL, PH",7.6838119235,125.9898195417,False,5,research,False,4,1,cc-by,,cc-by
Cyrtosperma merkusii,species,72125413,https://www.inaturalist.org/observations/72125413,2019-05-28,jamesalexpark,James Park,"Upper Thomson Road, Thomson, Singapore, SG",1.35127,103.8355333333,False,1966,research,False,2,1,cc-by-nc,Wild form Surrounded by seedlings,cc-by-nc
Cyrtosperma merkusii,species,43413327,https://www.inaturalist.org/observations/43413327,2020-02-10,troos,Troos van der Merwe,"Bukit Timah Road, Holland Village, Singapore, SG",1.320005,103.816055,False,14,casual,True,1,1,cc-by-nc,,cc-by-nc
Cyrtosperma merkusii,species,258796067,https://www.inaturalist.org/observations/258796067,2020-05-15,davidtng,David Tng,"Cairns QLD, Australia",-16.9058333333,145.7455555556,False,,needs_id,False,2,4,None;None;None;None,,cc-by-nc
Cyrtosperma merkusii,species,61833610,https://www.inaturalist.org/observations/61833610,2020-10-06,donalyohry,Donaly Ohry,"Kolonia, Pohnpei, Federated States of Micronesia",6.9565131997,158.2038547997,False,,casual,True,1,2,None;None,Giant taro leaves Pingelapese name: Woad Monocot,
Cyrtosperma merkusii,species,66268279,https://www.inaturalist.org/observations/66268279,2020-12-08,janiceboaz256,Jan Boaz,"Mwalok, Pohnpei, Federated States of Micronesia",6.9684958,158.1967395,False,,casual,True,3,4,cc-by-nc;cc-by-nc;cc-by-nc;cc-by-nc,Ceremonially used plant- It is also one of the most important crops on the island of Pingelap because they would choose the biggest one and serve it to Nanmwarki PINGELAPESE NAME-MWEIANG ,cc-by-nc
Cyrtosperma merkusii,species,67780173,https://www.inaturalist.org/observations/67780173,2021-01-09,ongzi,Ong Jyh Seng,"Rizab Melayu Sungai Kuyoh, 43300 Seri Kembangan, Selangor, Malaysia",3.0160028889,101.6835250833,False,,casual,True,3,1,cc-by-sa,,cc-by-sa
Cyrtosperma merkusii,species,67780085,https://www.inaturalist.org/observations/67780085,2021-01-09,ongzi,Ong Jyh Seng,"Rizab Melayu Sungai Kuyoh, 43300 Seri Kembangan, Selangor, Malaysia",3.0160028889,101.6835250833,False,,research,False,3,2,cc-by-sa;cc-by-sa,,cc-by-sa
Cyrtosperma merkusii,species,72142286,https://www.inaturalist.org/observations/72142286,2021-03-27,ku_yan_ting148647,Ku Yan Ting 148647,"Taman Pekaka, 11700 Gelugor, Pulau Pinang, Malaysia",5.3515103017,100.297165242,False,3,casual,True,1,1,cc-by-nc,,cc-by-nc
Cyrtosperma merkusii,species,95014826,https://www.inaturalist.org/observations/95014826,2021-09-16,ongzi,Ong Jyh Seng,"Rizab Melayu Sungai Kuyoh, 43300 Seri Kembangan, Selangor, Malaysia",3.0160027778,101.683525,False,,research,False,3,1,cc-by-sa,,cc-by-sa
Cyrtosperma merkusii,species,102597706,https://www.inaturalist.org/observations/102597706,2021-12-05,aiman_azmi,Aiman Azmi,"Puchong, Petaling, Selangor, MY",2.9966828968,101.6331784019,False,236,research,False,6,2,cc-by-nc-sa;cc-by-nc-sa,,cc-by-nc-sa
Cyrtosperma merkusii,species,103445429,https://www.inaturalist.org/observations/103445429,2021-12-21,akmal_idham,Akmal Idham,"Bukit Raja, Bukit Raja, Selangor, MY",3.1125471667,101.4845116667,False,6,research,False,6,3,cc-by-nc;cc-by-nc;cc-by-nc,,cc-by-nc
Cyrtosperma merkusii,species,113371262,https://www.inaturalist.org/observations/113371262,2022-04-18,curiosity,Kierr Jasper Sancover,"Catalunan Pequeno Elementary School, Talomo, Davao City, Davao del Sur, Philippines",7.05851,125.539077,False,,casual,True,1,1,None,,
Cyrtosperma merkusii,species,118578901,https://www.inaturalist.org/observations/118578901,2022-05-25,danaleeling,Dana Lee Ling,"Kosrae, FM",5.30153733,163.02998032,False,8,casual,True,2,3,cc0;cc0;cc0,Maybe,cc0
Cyrtosperma merkusii,species,123178665,https://www.inaturalist.org/observations/123178665,2022-06-24,annette409,Annette Chew,"Macritchie Reservoir Park, SG",1.3417033786,103.8294709835,False,4,research,False,3,1,None,,
Cyrtosperma merkusii,species,125416302,https://www.inaturalist.org/observations/125416302,2022-07-09,ruddy2410,ruddy2410,"Macritchie Reservoir Park, SG",1.3417216667,103.8294916667,False,3,research,False,2,3,cc-by-nc;cc-by-nc;cc-by-nc,,cc-by-nc
Cyrtosperma merkusii,species,128399714,https://www.inaturalist.org/observations/128399714,2022-07-29,syamsul_idris_bin_saleh,SYAMSUL IDRIS BIN SALEH (MAFI-HQ),"Taman Pertanian Malaysia, 40170 Shah Alam, Selangor, Malaysia",3.1070051655,101.5185863525,False,7,research,False,2,5,None;None;None;None;None,"Geli-geli, birah hutan, keladi pari, swamp taro,pulaka",
Cyrtosperma merkusii,species,128754903,https://www.inaturalist.org/observations/128754903,2022-07-31,ruddy2410,ruddy2410,"Singapore Island, SG",1.41342,103.7911383333,False,3,research,False,3,1,cc-by-nc,,cc-by-nc
Cyrtosperma merkusii,species,153076734,https://www.inaturalist.org/observations/153076734,2022-09-14,plantbrosg,pbsg,MacRitchie Reservoir,1.3447619355,103.8223504275,False,1718,research,False,3,2,cc-by;cc-by,,cc-by
Cyrtosperma merkusii,species,135480957,https://www.inaturalist.org/observations/135480957,2022-09-17,naufalurfi,Naufal Urfi Dhiya'ulhaq,"Muaro Jambi Regency, Jambi, Indonesia",-1.6173163,103.5162058499,False,,research,False,2,1,cc-by-nc,,cc-by-nc
Cyrtosperma merkusii,species,140883923,https://www.inaturalist.org/observations/140883923,2022-10-22,naufalurfi,Naufal Urfi Dhiya'ulhaq,"Muaro Jambi Regency, Jambi, Indonesia",-1.617011853,103.5158805503,False,172,research,False,2,3,cc-by-nc;cc-by-nc;cc-by-nc,,cc-by-nc
Cyrtosperma merkusii,species,142513086,https://www.inaturalist.org/observations/142513086,2022-11-21,r_s_e,Riki Subargia Emtaka,"Empunak Tapang Keladan, Ketungau Hulu, Sintang Regency, West Kalimantan, Indonesia",0.8391027778,110.9826888889,False,,research,False,8,1,None,,
Cyrtosperma merkusii,species,143017406,https://www.inaturalist.org/observations/143017406,2022-11-26,naufalurfi,Naufal Urfi Dhiya'ulhaq,"Muaro Jambi Regency, Jambi, Indonesia",-1.61725914,103.51602287,False,,research,False,2,3,cc-by-nc;cc-by-nc;cc-by-nc,,cc-by-nc
Cyrtosperma merkusii,species,149130687,https://www.inaturalist.org/observations/149130687,2023-01-29,mykalacree23,,"United States Botanic Garden, Washington, DC, US",38.8880166667,-77.0128333333,False,5,casual,True,1,1,cc-by-nc,Identified by the US Botanical Gardens,cc-by-nc
Cyrtosperma merkusii,species,150032138,https://www.inaturalist.org/observations/150032138,2023-03-02,gorinna,Gorinna Booth,"Pohnpei, Micronesia",6.9440009008,158.1949707493,False,8,casual,True,4,1,None,Rotama is a taro dish. First step is to dig up and clean your taro. After you clean your taro you cut it into pieces to be grated. You then grate your taro until it is broken down into small pieces. It should be a grainy almost powdery texture. After the taro has been grated you take your grated taro and knead it while kneading it you had your sugar and salt and kneading into the taro. After the sugar and salt is well combined into the taro you place it into either taro leaves or banana leaves a,
Cyrtosperma merkusii,species,150940976,https://www.inaturalist.org/observations/150940976,2023-03-12,naufalurfi,Naufal Urfi Dhiya'ulhaq,"Muaro Jambi, Jambi, Indonesia",-1.68773454,103.65429106,False,,research,False,2,1,cc-by-nc,,cc-by-nc
Cyrtosperma merkusii,species,156567696,https://www.inaturalist.org/observations/156567696,2023-04-25,frx,,"Kuching, MY-SK, MY",1.5153646025,110.2911120281,False,3,research,False,5,3,cc-by-nc;cc-by-nc;cc-by-nc,,cc-by-nc
Cyrtosperma merkusii,species,159342999,https://www.inaturalist.org/observations/159342999,2023-05-03,frx,,"Kuching, MY-SK, MY",1.5773764726,110.2607373521,False,5,research,False,2,3,cc-by-nc;cc-by-nc;cc-by-nc,,cc-by-nc
Cyrtosperma merkusii,species,170259789,https://www.inaturalist.org/observations/170259789,2023-06-15,lchalig,,"Bora Bora, French Polynesia, PF",-16.5044359,-151.73865565,False,2189,needs_id,False,2,1,cc-by-nc,,cc-by-nc
Cyrtosperma merkusii,species,191431128,https://www.inaturalist.org/observations/191431128,2023-08-18,cclborneo,Chien Lee,"Bahagian Betong, Sarawak, Malaysia",1.62838,111.055125,False,,research,False,2,1,None,,cc-by-nc
Cyrtosperma merkusii,species,185251017,https://www.inaturalist.org/observations/185251017,2023-09-28,mesenda1,Mesenda phillip,"Kolonia, Pohnpei, Micronesia",6.9606417794,158.213621825,False,7,casual,True,3,2,None;None,"This is a bounding Taro that we use to created konen pula . In our language we called this konen pula.this food is part of the monocot.  from mortlockese they can provide this food for the party,  wedding day , family gather especially in the cultural day . But some people's are just make  this food whenever they want to eat it.  So this is how we created this local food .  First step: you have to get your Taro and peel of the skin.cut the Taro to 4 or 2 pieces. Put in the pot n put water inside",
Cyrtosperma merkusii,species,185250084,https://www.inaturalist.org/observations/185250084,2023-09-28,joana17264,Joana Amyda,"Pohnrakied, Pohnpei, Micronesia",6.9613583333,158.206205,False,6,casual,True,3,2,None;None," This is the taro... First we went and harvest taro in the taropatch. The local name for this is BULAKA.  First step: clean the taro with water and take off the skin of the taro.  Second step: cut the taro to pieces and put in the pot then filled the pot with water measurement of water need to go over the taroes.  Third step: cook the taro for 40 minutes or to 1 hour for better.  Fourth step: prepared some coconut milk.   Fifth step: When the taro is cooked, drain or take out the water and the a",
Cyrtosperma merkusii,species,185249056,https://www.inaturalist.org/observations/185249056,2023-09-28,joanalynnjohnny,,"W5MM+XRG, Pohnpei 96941, Micronesia",6.934909922,158.1863514706,False,7,casual,True,4,3,cc-by-nc;cc-by-nc;cc-by-nc,"In Mortlock Island , We call this ""Konen Pula"". It usually bounded and prepared by women. They made this bounded taro or ""Konen Pula"" as their everyday food. However, this plant is monocot. We usually prepare this by getting the taro and peel off the skin. Cut the taro to 4 pieces or two. Put it in the pot and put water inside. Make sure the taro are covered with water inside the pot. Cover the taro with breadfruit leaves or plastic. Cook it from 3-4 hours with high heat. When you reach 4 hours,",cc-by-nc
Cyrtosperma merkusii,species,187337610,https://www.inaturalist.org/observations/187337610,2023-10-12,rchiacc,Ryan Chia,"Tanglin, Singapore",1.3210040577,103.8167781882,False,2,needs_id,False,3,1,None,,
Cyrtosperma merkusii,species,197766727,https://www.inaturalist.org/observations/197766727,2024-01-28,naturalist83670,ชาฮิดะฮ ยุทธิอาท,,,,False,,casual,False,1,4,None;None;None;None,,
Cyrtosperma merkusii,species,198042507,https://www.inaturalist.org/observations/198042507,2024-01-29,michal_hrones,Michal Hroneš,,1.2351549396,103.7482456291,True,5,research,False,2,2,cc-by-nc;cc-by-nc,,cc-by-nc
Cyrtosperma merkusii,species,199325365,https://www.inaturalist.org/observations/199325365,2024-02-13,nascimento1234,,Carauari/AM,,,False,,casual,False,1,1,cc-by-nc,,cc-by-nc
Cyrtosperma merkusii,species,199967042,https://www.inaturalist.org/observations/199967042,2024-02-21,shanelliajibemai,,FM,6.9120568414,158.1595761515,False,20,casual,True,2,1,cc-by-nc,"Before rice was introduced to our islands, local food was all we survived on. The most common local food was taro. Taro is a monocot, the leaves are parallel veined. Boiling is the easiest way to cook taro, but below is the steps to making pounded taro (bulag gepapw). We make this when we have enough copra because it needs more than one copra.  Before boiling the taro, the skin has to be removed. Then, cook taro until it's thoroughly cooked. While the cooked taro is warming up, grate copra and s",cc-by-nc
Cyrtosperma merkusii,species,200078882,https://www.inaturalist.org/observations/200078882,2024-02-22,jasireeleon,,"Sokehs, Pohnpei, Micronesia",6.9688676489,158.1878561899,False,2196,casual,True,3,1,cc-by-nc,"A food plant Displayed above is what's so called ""taro"" in the tropics. In the Mortlocks, the outer islands of Chuuk, taro is one of the main sources of survival. A popular dish that can be made out of taro is ""kon"" in local language. At first, it is cooked in water and when it's ready, we pound it using a certain type of pounder (faú),which is in the form of a rock and it is pounded on a hard-woodened board (nef) until they're all smashed and smooth. The final recipe to add is the coconut milk ",cc-by-nc
Cyrtosperma merkusii,species,200067344,https://www.inaturalist.org/observations/200067344,2024-02-22,ritarsky,Ritarsky Torres,FM,6.8747866061,158.1597920695,False,5,casual,True,1,2,None;None,"This plant is called “mwahng” in my language. As you can see, it is a taro. This is the type of plant that I used to made the local food called “uter en mwahng”(mwahng uter). It is a local food that we Pohnpeians love to eat. The steps are very simple. You start off by boiling the taro. Then you grind the inner meat out. After that you get a coconut and grind the white meat out. Mix the taro and coconut together. Add some sugar and mix it very well. Lastly, form it into a small ball shape. Just ",
Cyrtosperma merkusii,species,200067326,https://www.inaturalist.org/observations/200067326,2024-02-22,marslaiy,,"Pohnpei, FM",6.909677,158.1575064,False,24,casual,True,2,1,cc-by-nc,"Outer island of Yap, we're called bulage. In these atolls and islands the giant ariod is given high importance in the food, cultural and traditional systems.  - In Woleaian delicious means neeo "" bulage""with coconut milk mixed with sugar is made using Giant Swap Taro (Cyrtosperma merkusii). Make it- short my essay, then we're done cooking taro. Pounding taro and then- add sugar with coconut milk to the mixture on ""bulage"" Cyrtosperma merkusii.  If- u- taste alot of my recipe of taro."" It's delic",cc-by-nc
Cyrtosperma merkusii,species,200062071,https://www.inaturalist.org/observations/200062071,2024-02-22,jarrettailigtog,,"W555+V5V, Palikir, Pohnpei, Micronesia",6.9093943371,158.1572558731,False,14,casual,True,1,1,cc-by-nc,"Way Before rice was introduced  to our modern world taro is one of the mot common food our ancestors eat. Taro is in the family of moncot. One of the best and delicious dish using taro is what we called pounded taro(bulag gepapw). The first step of preparing this dish is to boil the taro until it's cooked, after then pill of the skin. Second step is to pound the taro using tools for pounding which we called faiul pwo. Third step is to grind the coco nut then get the juice and deep the taro in it",cc-by-nc
Cyrtosperma merkusii,species,200061257,https://www.inaturalist.org/observations/200061257,2024-02-22,leeilem,,"W555+V5V, Palikir, Pohnpei, Micronesia",6.9094692264,158.1573973596,False,15,casual,True,1,1,cc-by-nc,"This plant that were presenting last Tuesday was taro. Taro is a monocot. In our language we called taro bulag. We start cooking taro by removing the outer part n put some water in the pot, then put the taro inside. Second we boil the the taro untill it cracked then we take them out from the water. Third step we pound it and grind some cropra, we sqeeze the coconut milk and cooked it. When the coconut milk is cooked we take the taro n dip in the coconut milk. When the pounded taro is cover with ",
Cyrtosperma merkusii,species,200060506,https://www.inaturalist.org/observations/200060506,2024-02-22,jaseryleyangerbe,,"College of Micronesia - FSM, FM",6.9093787816,158.1573161028,False,9,casual,True,3,1,cc-by-nc,Taro is an monocot in outer island of Yap we called it Bulag Gepap. How to we cook it? First remove the taro skin then cook the taro. Wait until the taro look yellow or brown and take it out of water. Next step is grate the copra then squeeze the coconut milk on low heat. Boil coconut milk until it’s boiled. Pound the taro and dip the taro into coconut milk. There you have pounded taro or bulag gepap.,cc-by-nc
Cyrtosperma merkusii,species,256255147,https://www.inaturalist.org/observations/256255147,2024-06-09,tkp123,,,1.2030280187,103.9496682274,True,,research,False,2,2,cc-by-nc;cc-by-nc,,cc-by-nc
Cyrtosperma merkusii,species,231022045,https://www.inaturalist.org/observations/231022045,2024-07-18,ferdianwirapratama,Ferdian Wira Pratama,"Kubu Raya Regency, West Kalimantan, Indonesia",-0.5883615423,109.6300777216,False,122,research,False,2,1,None,,
Cyrtosperma merkusii,species,232653819,https://www.inaturalist.org/observations/232653819,2024-07-28,hsde66,,"Borneo, Kabupaten Kotawaringin Barat, Central Kalimantan, ID",-2.819018326,111.8058240447,False,4,research,False,3,1,None,,
Cyrtosperma merkusii,species,245218911,https://www.inaturalist.org/observations/245218911,2024-10-02,hailingdu,Gray Watch,"Water Lily Pond, 新加坡, SG, SG",1.2826062832,103.8667509613,False,4,research,False,3,1,None,,
Cyrtosperma merkusii,species,245354495,https://www.inaturalist.org/observations/245354495,2024-10-03,pelma,Pelma Gallen,FM,6.9112107111,158.1599064825,False,3,casual,True,3,3,None;None;None,"The name of this plant is Taro . Taro is a starchy root vegetable that’s a little like a yam. In the pictures I provided are pictures of a taro and an Pohnpeian island dish made from taro which we call “ Uter” . To make this yummy dish , all you need is taro, coconut , and sugar . First you have to boil the taro for a very long time , like 4 hours or more . Next you Grate the coconut and the taro . When done grating , you mix them together then add sugar as much as you want . Lastly , you shape ",
Cyrtosperma merkusii,species,245490195,https://www.inaturalist.org/observations/245490195,2024-10-04,kayzee-hawley2004,Kerry Hawley,"Kitti, Pohnpei, Micronesia",6.9057916499,158.1640810892,False,,casual,True,2,1,None,1.First you will harvest a taro from the swamp 2.Second you will peel off the outer layer or skin of the taro 3.Third chup it into sizes enough to grate than you grate it  4.Fourth make a ball that will size the banana leaf that you will fold it in 5.Fifth you will sqeeze and flaten for about 10 minutes for a single ball of taro and add sugar while you squeeze so it can mix perfectly in the taro( we brought a raw one for demonstration)  6.Sixth now you take the banana leaf and falten the taro an,
Cyrtosperma merkusii,species,245875549,https://www.inaturalist.org/observations/245875549,2024-10-06,racharley,,FM,6.8361966667,158.1742866667,False,17,casual,True,3,2,cc-by-nc;cc-by-nc,"This is a taro plant. In my native language it’s called mwahng. This type of plant is a monocot. Mwahng can be used in so many Pohnpeian dishes.  For my presentation I presented a type of local taro dish called mwahng utoahr. The recipe only includes 4 ingredients, making it easy and simple. You need taro, grounded coconut meat, sugar and salt. First you boil the taro for 1 or 2 hours. While that is boiling you can grind 1 whole coconut meat into a big bowl. Once your taro is boiled and cooled d",cc-by-nc
Cyrtosperma merkusii,species,252462960,https://www.inaturalist.org/observations/252462960,2024-11-20,bayanizzani,Bayan Izzani,"Cimenyan, Bandung Regency, West Java, Indonesia",-6.8682751451,107.6394548171,False,31,casual,True,1,1,cc-by-nc,,cc-by-nc
Cyrtosperma merkusii,species,252883649,https://www.inaturalist.org/observations/252883649,2024-11-23,wildgifts,Peri Lee Pipkin,"Central Catchment, North, SG",1.3556722222,103.8075722222,False,,research,False,3,3,cc-by-nc;cc-by-nc;cc-by-nc,,cc-by-nc
Cyrtosperma merkusii,species,257475144,https://www.inaturalist.org/observations/257475144,2025-01-05,anaxliyana,anaxliyana,"D3-05-12, Block D Tamarind Square, Cyberjaya, 63000 Cyberjaya, Selangor, Malaysia",2.9203127,101.6362087,False,,needs_id,False,2,2,None;None,,
Cyrtosperma merkusii,species,260696470,https://www.inaturalist.org/observations/260696470,2025-02-05,siwek,Danny Siwek,"Central Catchment, North, SG",1.3550760923,103.8078094181,False,12,needs_id,False,2,2,cc-by-nc;cc-by-nc,,cc-by-nc
Cyrtosperma merkusii,species,261321274,https://www.inaturalist.org/observations/261321274,2025-02-11,bykovskii,insect ID,"Кабаюган, Пуэрто-Принцеса, Палаван, Филиппины",10.125825,118.8587083333,False,,research,False,4,2,cc-by;cc-by,,cc-by
Cyrtosperma merkusii,species,263035609,https://www.inaturalist.org/observations/263035609,2025-02-25,emars1,Emars Astete,Wone,6.8104017035,158.2415147871,False,1210,casual,True,1,1,None,"Fried Taro 1. Get yourself some taro by digging it up, peel off the skin of the taro and then clean it 2. Cut down the taro in pieces but not too small. 3. Take the pieces of the taro that you cut down, you can either blend them or use the traditional method of blending. 4. Place your blended taro in a bowl or basin. 5 Squeeze together the blended taro and shape them in any shape you prefer. And deep fry them. 6. Place the fried taro in  separate container, and get yourself a bot. Add water, sug",
Cyrtosperma merkusii,species,263278926,https://www.inaturalist.org/observations/263278926,2025-02-27,fionailesiuyalo21,Fiona Ilesiuyalo,FM,6.9095083333,158.1566778333,False,4,casual,True,2,1,None,"Equipment: Knife, peeler, pot, Grinder ,strainer,  Serving bowl  Ingredients: Taro, Coconut milk, water, sugar(optional) Preparation of taro:using a peeler, remove the skin from taro. Be careful as the skin can be irritating. Cut the peeled taro into bite-sized pieces. Preparation of coconut milk: crack the coconut open then use the grinder to grind the coconut , use the strainer to strain then pour it in the pot along with the taro. Cooking time may vary depending on the size of the taro. But o",
Cyrtosperma merkusii,species,263268307,https://www.inaturalist.org/observations/263268307,2025-02-27,cassandraljones,Cassandra Lace Jones,"W564+6VM, Palikir, Pohnpei, Micronesia",6.9096429694,158.1567006558,False,12,casual,True,3,1,cc-by-nc,"This Cyrtosperma is called Pwula in my houkese, a dialect of the chuukese language. Taro is one of the main source of local food on my island, Houk. There are various type of food that can be made from this plant, but the one that will be mention in this description is called TIPI ARÙNG ( ah-r-ə-ng ).   Tipi arùng is a go-to food when the breadfruit season is out and when there's no banana tree ready to harvest. We prepare this food especially for men after they come back from fishing on the loc",cc0
Cyrtosperma merkusii,species,263240492,https://www.inaturalist.org/observations/263240492,2025-02-27,hercly,Hercly Laiuyepiy,FM,6.9094966714,158.1567083333,False,20,casual,True,2,1,None,The food that we do presentation on is Taro. Our local name for this plant is Bulag. And the Woleai local name for the food is called Bulag gatip. The first thing that we do is we go and get taro from the taro patch. Second I remove the dirty skin and then we rinse the taro with water to be cleaned. Finished I cut the taro into smaller pieces and then put it in the pot. After that I set aside and work on the cobra. First I husk the cobra then I open it with knife and I grind the cobra. Once it a,
Cyrtosperma merkusii,species,267149885,https://www.inaturalist.org/observations/267149885,2025-03-19,yukipani03,,"Sarawak, MY",1.5288417014,110.3648433643,True,170,research,False,3,2,cc-by-nc;cc-by-nc,,cc-by-nc
Cyrtosperma merkusii,species,289484846,https://www.inaturalist.org/observations/289484846,2025-06-14,ongzi,Ong Jyh Seng,"WJQV+36, Cyberjaya, 63000 Cyberjaya, Selangor, Malaysia",2.9382638889,101.6421027778,False,,research,False,3,1,cc-by,,cc-by
Cyrtosperma merkusii,species,303448880,https://www.inaturalist.org/observations/303448880,2025-08-03,aiman_azmi,Aiman Azmi,"Selangor, MY",2.8050199383,101.6536388269,True,1168,research,False,3,5,cc-by-nc-sa;cc-by-nc-sa;cc-by-nc-sa;cc-by-nc-sa;cc-by-nc-sa,In a peat swamp forest in Cyberjaya ,cc-by-nc-sa
Cyrtosperma merkusii,species,312385105,https://www.inaturalist.org/observations/312385105,2025-09-08,mercury9nine,,"Singapore, SG, SG",1.3417386835,103.829465523,False,14,research,False,4,4,cc-by-nc;cc-by-nc;cc-by-nc;cc-by-nc,,cc-by-nc
Cyrtosperma merkusii,species,315462630,https://www.inaturalist.org/observations/315462630,2025-09-21,user157,.,,,,True,5,needs_id,False,2,3,None;None;None,Cyrtosperma ferox   Found beside stream in swamp forest ,
Cyrtosperma merkusii,species,320358322,https://www.inaturalist.org/observations/320358322,2025-10-12,susanna_lim,,"Singapore, SG, SG",1.3416716667,103.8294666667,False,4,needs_id,False,2,3,cc-by-nc;cc-by-nc;cc-by-nc,,cc-by-nc
Cyrtosperma merkusii,species,351043322,https://www.inaturalist.org/observations/351043322,2025-12-09,distributary,Simon Lomas,"Lower C, Kuala Lumpur, Kuala Lumpur, MY",3.1560083333,101.6438366667,False,8,needs_id,False,1,7,cc-by-nc;cc-by-nc;cc-by-nc;cc-by-nc;cc-by-nc;cc-by-nc;cc-by-nc,,cc-by-nc
Cyrtosperma merkusii,species,331797752,https://www.inaturalist.org/observations/331797752,2025-12-10,faqih_aziz,FAQIH AZIZ,"Valley Road, Kuala Lumpur, Kuala Lumpur, MY",3.1289445,101.656875,False,22,needs_id,False,3,1,cc-by-nc,,cc-by-nc
Cyrtosperma merkusii,species,331541691,https://www.inaturalist.org/observations/331541691,2025-12-10,sofeaazlani,,"Rimba Ilmu Botanic Garden, Universiti Malaya",3.1307075555,101.6581591219,False,213,needs_id,False,2,1,cc-by-nc,,cc-by-nc
Cyrtosperma merkusii,species,334187001,https://www.inaturalist.org/observations/334187001,2026-01-10,chinotto_chena,,"Bukit Kiara, 60000 Kuala Lumpur, Federal Territory of Kuala Lumpur, Malaysia",3.142163,101.644358,False,1950,research,False,3,1,cc-by-nc,,cc-by-nc
Cyrtosperma merkusii,species,334342957,https://www.inaturalist.org/observations/334342957,2026-01-11,larsmannzen,Lars Mannzen,"Roxas, Bilar, Bohol, Philippinen",9.7119887,124.0949376,False,,research,False,2,4,None;None;None;None,"Leaves to 5 m high here,clump standing in water",
Cyrtosperma merkusii,species,334298352,https://www.inaturalist.org/observations/334298352,2026-01-11,ongzi,Ong Jyh Seng,"Perumahan PUJ 2, Puj 2, 43300 Seri Kembangan, Selangor, Malaysia",3.0163833333,101.6767638889,False,,research,False,4,1,cc-by,,cc-by
Cyrtosperma merkusii,species,343928781,https://www.inaturalist.org/observations/343928781,2026-02-08,mike_hooper,Mike Hooper,"Central Water Catchment, Singapore",1.3990416667,103.8076633333,False,,needs_id,False,1,4,None;None;None;None,,cc-by-nc
Cyrtosperma merkusii,species,340275013,https://www.inaturalist.org/observations/340275013,2026-02-26,baldezzar,Baldezzar Yangirsemaliu,"College Road, FM",6.9098666667,158.1613471667,False,43,casual,True,2,1,cc-by-nc,"The name of this plant in our island is Bulag. The food we made it is from this plant, and first we move the skin, second cut it in peace’s and mix it with coconut milk and then cook it until it cooked. This is a everyday food and we also use as a special occasion like culture day and big party",cc-by-nc
Cyrtosperma merkusii,species,340274566,https://www.inaturalist.org/observations/340274566,2026-02-26,joseph43729,Joseph Haleyalmang,"Kitti Circle Island Road, FM",6.9111,158.161775,False,5,casual,True,2,1,cc-by-nc,This in Woleai is called Bulag. The food we made is from this plant taro. How we made the food was by cutting the taro into smaller peaces and then pour coconut milk on top of it and cook it u til its cook. ,cc-by-nc
Cyrtosperma merkusii,species,340268399,https://www.inaturalist.org/observations/340268399,2026-02-26,trisden,Trisden Sercy,"College Road, FM",6.9109293306,158.1575371699,False,3,casual,True,2,1,cc-by-nc," In Chuuk we use puna (taro) to make the food we called ""afiticho"". First we cooked the taro and when it's done we shred down and mixed with the coconut meal and if you want the afiticho to be taste good, you add some sugar with it.and also it is a monocot.",cc-by-nc
Cyrtosperma merkusii,species,340261947,https://www.inaturalist.org/observations/340261947,2026-02-26,burt_kilmete,Burt Kilmete,FM,6.90775,158.1469278333,False,3,casual,True,1,1,cc-by-nc,"This is a Taro plant and in our local language we call it Mwang or Pwula in Chuuk, How you make it is you harvest the taro then cut it into small pieces and then you boil it then when its boiled you take it out and pound it until its soft then you add coconut gradient and milk onto it then you can shape them and make it round or just leave it like it is but our culture we usually make them in round shape. And this food plant is a Monocot.",cc-by-nc
Cyrtosperma merkusii,species,342828314,https://www.inaturalist.org/observations/342828314,2026-03-13,surinkumar,,"Central Water Catchment, Singapore",1.3487197679,103.8094738139,False,4,needs_id,False,1,3,cc-by-nc;cc-by-nc;cc-by-nc,,cc-by-nc
Cyrtosperma merkusii,species,345863076,https://www.inaturalist.org/observations/345863076,2026-03-26,referiqbal,Refer Iqbal,"Kabupaten Keerom, Papua, Indonesia",-2.9922305556,140.9275055556,False,207,needs_id,False,1,1,cc-by-nc,,cc-by-nc
Cyrtosperma merkusii,species,346876365,https://www.inaturalist.org/observations/346876365,2026-04-02,cocoweb,KOFANG,"Singapore, SG, SG",1.3203409714,103.8159583677,False,52,needs_id,False,1,1,cc-by-nc,,cc-by-nc
Cyrtosperma merkusii,species,348439274,https://www.inaturalist.org/observations/348439274,2026-04-08,lenachow,Lena Chow,"MacRitchie Reservoir, Singapore",1.3447621,103.8223506,False,1727,needs_id,False,3,2,None;None,,
Cyrtosperma merkusii,species,355982939,https://www.inaturalist.org/observations/355982939,2026-04-12,antshrike69,Jonathan Newman,"Kanif, Yap, Micronesia",9.5273138889,138.0898583333,False,43,research,False,2,1,cc-by-nc,,cc-by-nc
Cyrtosperma merkusii,species,351472584,https://www.inaturalist.org/observations/351472584,2026-04-14,referiqbal,Refer Iqbal,"Kabupaten Keerom, Papua, Indonesia",-2.9906916667,140.8559277778,False,1414,needs_id,False,1,1,cc-by-nc,,cc-by-nc
Cyrtosperma merkusii,species,349931334,https://www.inaturalist.org/observations/349931334,2026-04-15,hurreiyatun,Hurreiyatun Nisa,"Simpang Sepayang, 26800 Kuala Rompin, Pahang, Malaysia",2.76418,103.4997749722,False,,needs_id,False,1,3,cc-by-nc;cc-by-nc;cc-by-nc,,cc-by-nc
Cyrtosperma merkusii,species,352788753,https://www.inaturalist.org/observations/352788753,2026-04-24,lgutourism_jayapostol,jay apostol,"Apokon, Tagum, Davao del Norte, Philippines",7.4319333333,125.8166416667,False,,needs_id,False,1,1,None,,
Cyrtosperma merkusii,species,354863864,https://www.inaturalist.org/observations/354863864,2026-04-26,hexat_anne,ANNE MARIE BALADHAY,"FRH2+X7H La Filipina, Tagum, Davao del Norte, Philippines",7.4799366468,125.8007224649,False,3398,casual,True,1,1,None,,
Cyrtosperma merkusii,species,361313290,https://www.inaturalist.org/observations/361313290,2026-05-02,iqbal_muhammad,Muhammad Iqbal,"Pelalawan Regency, Riau, Indonesia",0.3688610508,102.8278069084,False,488,needs_id,False,1,5,cc-by-nc;cc-by-nc;cc-by-nc;cc-by-nc;cc-by-nc,,cc-by-nc
Cyrtosperma merkusii,species,366660611,https://www.inaturalist.org/observations/366660611,2026-05-30,wako-san,,"Tyersall Rd, Singapore, SG, SG",1.3141916667,103.814195,False,4,needs_id,False,2,1,cc-by-nc,,cc-by-nc
Cyrtosperma merkusii,species,367640039,https://www.inaturalist.org/observations/367640039,2026-06-01,mardi_,Mardi,"Sumatra, Kabupaten Pelalawan, Riau, ID",0.37313,102.8296583333,False,14,needs_id,False,1,2,cc-by-nc;cc-by-nc,,cc-by-nc
Cyrtosperma merkusii,species,371593722,https://www.inaturalist.org/observations/371593722,2026-06-14,pchi45,呂一起(Lyu yi-chi),"Bilar, PH-BO, PH",9.7054833333,124.1102138333,False,4,research,False,3,5,cc-by;cc-by;cc-by;cc-by;cc-by,,cc-by
Cyrtosperma merkusii,species,371578471,https://www.inaturalist.org/observations/371578471,2026-06-14,pchi45,呂一起(Lyu yi-chi),"Bilar, Central Visayas, PH",9.70597,124.1101138333,False,4,needs_id,False,2,4,cc-by;cc-by;cc-by;cc-by,,cc-by
Cyrtosperma merkusii,species,378956709,https://www.inaturalist.org/observations/378956709,2026-07-07,vegeloving_general-use_pesticide_60ml,Vegeloving_General-use_Pesticide_60ml,"Tanglin, Singapore",1.3141908634,103.8142805298,False,4,needs_id,False,1,2,cc-by-nc;cc-by-nc,,cc-by-nc
Cyrtosperma merkusii,species,380572312,https://www.inaturalist.org/observations/380572312,2026-07-11,arthur53684,Arthur Teo,"Tyersall Ave, Singapore, SG, SG",1.3102416667,103.81495,False,45,research,False,3,1,cc-by-nc,,cc-by-nc
Cyrtosperma merkusii,species,383264173,https://www.inaturalist.org/observations/383264173,2026-07-18,bayanizzani,Bayan Izzani,"9RX2+M7Q Akuatik Park, RT.04/RW.02, Paledang, Bogor Tengah, Bogor City, West Java 16122, Indonesia",-6.6006135997,106.8009282997,False,,casual,True,1,3,cc-by-nc;cc-by-nc;cc-by-nc,,cc-by-nc
Cyrtosperma merkusii,species,382802160,https://www.inaturalist.org/observations/382802160,2026-07-19,nusantara_wilderness,Nusantara Wilderness,"Jalan Nglengkong Besi, Sleman, Yogyakarta, ID",-7.6915054322,110.4252718568,False,13,casual,True,2,2,cc-by-nc;cc-by-nc,,cc-by-nc
Cyrtosperma merkusii,species,386212580,https://www.inaturalist.org/observations/386212580,2026-07-29,z_cuti,Tongtai Zhou,"Singapore, SG, SG",1.3150833333,103.814445,False,4,research,False,5,1,cc-by-nc,,cc-by-nc
Cyrtosperma merkusii,species,394273818,https://www.inaturalist.org/observations/394273818,2026-08-17,jfeig,,"Papeari, Teva I Uta, Polynésie française",-17.7585683672,-149.3686359722,False,2,needs_id,False,1,1,cc-by-nc,"Tahitian language : mā’ota ? Canoe plant ok",cc-by-nc
