scientificName,typeStatus,institutionCode,catalogNumber,recordedBy,recordNumber,year,locality,country,media_url,media_license,media_rightsHolder,gbif_occurrence,file,status
Cyrtosperma bougainvillense A.Hay,Isotype,,L  0041890,Schodde R,"Schodde, R 3837",1964,"Bougainville Lake Lolosu crater, c 15 miles north of Buin",Papua New Guinea,https://medialib.naturalis.nl/file/id/L0041890_MLN/format/large,http://creativecommons.org/publicdomain/zero/1.0/,Naturalis Biodiversity Center,https://www.gbif.org/occurrence/2513103865,Cyrtosperma-bougainvillense-A-Hay--L-0041890-1.jpg,downloaded image/jpeg
Cyrtosperma bougainvillense A.Hay,Isotype,A,barcode-00025749,R. Schodde & L. A. Craven,3837,1964,"Bougainville, Maide River gorge, lower south slopes of Lake Lolosu crater, ca. 15 miles north of Buin, riverine montane rainforest, 2000 feet",Papua New Guinea,https://s3.amazonaws.com/herbaria2/GPI-Types/HUHGPI00054/Araceae/full/full_A00025749.jpg,https://huh.harvard.edu/access-digital-reproductions-works-public-domain,President and Fellows of Harvard College,https://www.gbif.org/occurrence/1999136499,Cyrtosperma-bougainvillense-A-Hay-A-barcode-00025749-1.jpg,downloaded image/jpeg
Cyrtosperma bougainvillense A.Hay,Isotype,A,barcode-00025749,R. Schodde & L. A. Craven,3837,1964,"Bougainville, Maide River gorge, lower south slopes of Lake Lolosu crater, ca. 15 miles north of Buin, riverine montane rainforest, 2000 feet",Papua New Guinea,https://s3.amazonaws.com/huhwebimages/BDC537A025064D5/type/full/25749.jpg,https://huh.harvard.edu/access-digital-reproductions-works-public-domain,President and Fellows of Harvard College,https://www.gbif.org/occurrence/1999136499,Cyrtosperma-bougainvillense-A-Hay-A-barcode-00025749-2.jpg,downloaded image/jpeg
Cyrtosperma bougainvillense A.Hay,Isotype,K,K000499251,"Schodde, R.; Craven, L.",3837,1964,"Maide river gorge, lower south slopes of Lake Loloru crater, c. 15 miles north of Buin.",Papua New Guinea,https://d2jcv3kl45hlgi.cloudfront.net/ca05eaddae4cd49c88481c0658fe31c2.jpg,http://creativecommons.org/licenses/by/4.0/,"Royal Botanic Gardens, Kew",https://www.gbif.org/occurrence/912415874,Cyrtosperma-bougainvillense-A-Hay-K-K000499251-1.jpg,downloaded image/jpeg
Cyrtosperma bougainvillense A.Hay,Type,K,K000499252,"Schodde, R.; Craven, L.",3837,1964,"Maide river gorge, lower south slopes of Lake Loloru crater, c. 15 miles north of Buin.",Papua New Guinea,https://d2jcv3kl45hlgi.cloudfront.net/daf4ae6b153ad4b3b8d954629fe1edbd.jpg,http://creativecommons.org/licenses/by/4.0/,"Royal Botanic Gardens, Kew",https://www.gbif.org/occurrence/912415900,Cyrtosperma-bougainvillense-A-Hay-K-K000499252-1.jpg,downloaded image/jpeg
Cyrtosperma brassii A.Hay,Holotype,,L  0041891,Brass LJ,"Brass, LJ 28282",1956,Papau New Guinea Rossel Isl.; Abaleti,Papua New Guinea,https://medialib.naturalis.nl/file/id/L0041891_MLN/format/large,http://creativecommons.org/publicdomain/zero/1.0/,Naturalis Biodiversity Center,https://www.gbif.org/occurrence/2513103860,Cyrtosperma-brassii-A-Hay--L-0041891-1.jpg,downloaded image/jpeg
Cyrtosperma brassii A.Hay,Isotype,A,barcode-00025750,L. J. Brass,28282,1956,"Rossel Island, Abaleti, 50 m",Papua New Guinea,https://s3.amazonaws.com/herbaria2/GPI-Types/HUHGPI00054/Araceae/full/full_A00025750.jpg,https://huh.harvard.edu/access-digital-reproductions-works-public-domain,President and Fellows of Harvard College,https://www.gbif.org/occurrence/1998769298,Cyrtosperma-brassii-A-Hay-A-barcode-00025750-1.jpg,downloaded image/jpeg
Cyrtosperma brassii A.Hay,Isotype,A,barcode-00025750,L. J. Brass,28282,1956,"Rossel Island, Abaleti, 50 m",Papua New Guinea,https://s3.amazonaws.com/huhwebimages/946799536D5E4DE/type/full/25750.jpg,https://huh.harvard.edu/access-digital-reproductions-works-public-domain,President and Fellows of Harvard College,https://www.gbif.org/occurrence/1998769298,Cyrtosperma-brassii-A-Hay-A-barcode-00025750-2.jpg,downloaded image/jpeg
Cyrtosperma carrii A.Hay,Isotype,,L  0041892,Carr CE,"Carr, CE 12307",1935,Papua Koitaki,Papua New Guinea,https://medialib.naturalis.nl/file/id/L0041892_MLN/format/large,http://creativecommons.org/publicdomain/zero/1.0/,Naturalis Biodiversity Center,https://www.gbif.org/occurrence/2513105412,Cyrtosperma-carrii-A-Hay--L-0041892-1.jpg,downloaded image/jpeg
Cyrtosperma carrii A.Hay,Holotype,NHMUK,BM000958555,Cedric Errol Carr,12307,1935,Koitaki; 1500',Papua New Guinea,https://data.nhm.ac.uk/media/8374880c-29fe-4915-97cd-8dc6a810a3b9,http://creativecommons.org/licenses/by/4.0/,"The Trustees of the Natural History Museum, London",https://www.gbif.org/occurrence/1056401212,Cyrtosperma-carrii-A-Hay-NHMUK-BM000958555-1.jpg,downloaded image/jpeg
Cyrtosperma carrii A.Hay,Holotype,NHMUK,BM000958554,Cedric Errol Carr,12307,1935,Koitaki; 1500',Papua New Guinea,https://data.nhm.ac.uk/media/c6297f10-cd9f-4057-8157-19a55bc7ba7b,http://creativecommons.org/licenses/by/4.0/,"The Trustees of the Natural History Museum, London",https://www.gbif.org/occurrence/1057500843,Cyrtosperma-carrii-A-Hay-NHMUK-BM000958554-1.jpg,downloaded image/jpeg
Cyrtosperma cuspidispathum Alderw.,Isotype,,L  0041893,Gjellerup K,"Gjellerup, K 63",1910,Nova Guinea fluv. Eta Tani top,Papua New Guinea,https://medialib.naturalis.nl/file/id/L0041893_MLN/format/large,http://creativecommons.org/publicdomain/zero/1.0/,Naturalis Biodiversity Center,https://www.gbif.org/occurrence/2513105242,Cyrtosperma-cuspidispathum-Alderw--L-0041893-1.jpg,downloaded image/jpeg
Cyrtosperma edule Schott,Isotype,GH,barcode-00028688,B. C. Seemann,653,1860,,Fiji,https://s3.amazonaws.com/herbaria2/GPI-Types/HUHGPI00054/Araceae/full/full_GH00028688.jpg,https://huh.harvard.edu/access-digital-reproductions-works-public-domain,President and Fellows of Harvard College,https://www.gbif.org/occurrence/1999110048,Cyrtosperma-edule-Schott-GH-barcode-00028688-1.jpg,downloaded image/jpeg
Cyrtosperma edule Schott,Isotype,GH,barcode-00028688,B. C. Seemann,653,1860,,Fiji,https://s3.amazonaws.com/huhwebimages/9B923DFF191445D/type/full/28688.jpg,https://huh.harvard.edu/access-digital-reproductions-works-public-domain,President and Fellows of Harvard College,https://www.gbif.org/occurrence/1999110048,Cyrtosperma-edule-Schott-GH-barcode-00028688-2.jpg,downloaded image/jpeg
"Cyrtosperma gressittorum A.Hay, 1988",Holotype,,L  0041894,Brass LJ,"Brass, LJ 28049",1956,Papua New Guinea Sudest Isl.; Rambuso,Papua New Guinea,https://medialib.naturalis.nl/file/id/L0041894_MLN/format/large,http://creativecommons.org/publicdomain/zero/1.0/,Naturalis Biodiversity Center,https://www.gbif.org/occurrence/2513104612,Cyrtosperma-gressittorum-A-Hay-1988--L-0041894-1.jpg,downloaded image/jpeg
"Cyrtosperma gressittorum A.Hay, 1988",Isotype,A,barcode-00025751,L. J. Brass,28049,1956,"Sudest Island, Rambuso, 150 m",Papua New Guinea,https://s3.amazonaws.com/herbaria2/GPI-Types/HUHGPI00054/Araceae/full/full_A00025751.jpg,https://huh.harvard.edu/access-digital-reproductions-works-public-domain,President and Fellows of Harvard College,https://www.gbif.org/occurrence/1998461222,Cyrtosperma-gressittorum-A-Hay-1988-A-barcode-00025751-1.jpg,downloaded image/jpeg
"Cyrtosperma gressittorum A.Hay, 1988",Isotype,A,barcode-00025751,L. J. Brass,28049,1956,"Sudest Island, Rambuso, 150 m",Papua New Guinea,https://s3.amazonaws.com/huhwebimages/71EA8521D3C24E4/type/full/25751.jpg,https://huh.harvard.edu/access-digital-reproductions-works-public-domain,President and Fellows of Harvard College,https://www.gbif.org/occurrence/1998461222,Cyrtosperma-gressittorum-A-Hay-1988-A-barcode-00025751-2.jpg,downloaded image/jpeg
Cyrtosperma johnstonii (W.Bull ex T.Moore & Mast.) N.E.Br.,Type,K,K000499264,s.coll.,n.s.,,,Solomon Islands,https://d2jcv3kl45hlgi.cloudfront.net/311779bb61305594d412ae1c0587286f.jpg,http://creativecommons.org/licenses/by/4.0/,"Royal Botanic Gardens, Kew",https://www.gbif.org/occurrence/912415743,Cyrtosperma-johnstonii-W-Bull-ex-T-Moore-Mast-N-E-Br-K-K000499264-1.jpg,downloaded image/jpeg
Cyrtosperma johnstonii (W.Bull ex T.Moore & Mast.) N.E.Br.,Lectotype,K,K000499263,s.coll.,n.s.,,,Solomon Islands,https://d2jcv3kl45hlgi.cloudfront.net/aa3e5cb64a19008034b696d7b1cfaed1.jpg,http://creativecommons.org/licenses/by/4.0/,"Royal Botanic Gardens, Kew",https://www.gbif.org/occurrence/912416171,Cyrtosperma-johnstonii-W-Bull-ex-T-Moore-Mast-N-E-Br-K-K000499263-1.jpg,downloaded image/jpeg
Cyrtosperma johnstonii (W.Bull ex T.Moore & Mast.) N.E.Br.,Lectotype,K,K000499263,s.coll.,n.s.,,,Solomon Islands,https://d2jcv3kl45hlgi.cloudfront.net/95d858889995b6ac7e37fc5facc23c75.jpg,http://creativecommons.org/licenses/by/4.0/,"Royal Botanic Gardens, Kew",https://www.gbif.org/occurrence/912416171,Cyrtosperma-johnstonii-W-Bull-ex-T-Moore-Mast-N-E-Br-K-K000499263-2.jpg,downloaded image/jpeg
Cyrtosperma kokodense A.Hay,Holotype,,L  0041895,Carr CE,"Carr, CE 16194",1936,Papua Kokoda,Papua New Guinea,https://medialib.naturalis.nl/file/id/L0041895_MLN/format/large,http://creativecommons.org/publicdomain/zero/1.0/,Naturalis Biodiversity Center,https://www.gbif.org/occurrence/2513105064,Cyrtosperma-kokodense-A-Hay--L-0041895-1.jpg,downloaded image/jpeg
Cyrtosperma kokodense A.Hay,Holotype,,L  0041896,Carr CE,"Carr, CE 16194",1936,Papua Kokoda,Papua New Guinea,https://medialib.naturalis.nl/file/id/L0041896_MLN/format/large,http://creativecommons.org/publicdomain/zero/1.0/,Naturalis Biodiversity Center,https://www.gbif.org/occurrence/2513105135,Cyrtosperma-kokodense-A-Hay--L-0041896-1.jpg,downloaded image/jpeg
Cyrtosperma macrotum Becc. ex Engl.,Type,,L  0041897,Janowski RF,"Janowski, RF 489",1913,Eiland Koeroedoe (Noord N Guinea),Indonesia,https://medialib.naturalis.nl/file/id/L0041897_MLN/format/large,http://creativecommons.org/publicdomain/zero/1.0/,Naturalis Biodiversity Center,https://www.gbif.org/occurrence/2513105553,Cyrtosperma-macrotum-Becc-ex-Engl--L-0041897-1.jpg,downloaded image/jpeg
Cyrtosperma macrotum Becc. ex Engl.,Type,,L  0041898,Versteeg GM,"Versteeg, GM 408",1907,Nova Guinea neerlandica meridionalis.,Indonesia,https://medialib.naturalis.nl/file/id/L0041898_MLN/format/large,http://creativecommons.org/publicdomain/zero/1.0/,Naturalis Biodiversity Center,https://www.gbif.org/occurrence/2513105531,Cyrtosperma-macrotum-Becc-ex-Engl--L-0041898-1.jpg,downloaded image/jpeg
Cyrtosperma macrotum Becc. ex Engl.,Type,K,K000291749,"Versteeg, G.M.",1108,1907,,Indonesia,https://d2jcv3kl45hlgi.cloudfront.net/ce9036d48244ab46fa688c5631f2bd14.jpg,http://creativecommons.org/licenses/by/4.0/,"Royal Botanic Gardens, Kew",https://www.gbif.org/occurrence/912257153,Cyrtosperma-macrotum-Becc-ex-Engl-K-K000291749-1.jpg,downloaded image/jpeg
Cyrtosperma merkusii (Hassk.) Schott,Type,,L  0041901,Unknown,Unknown s.n.,,Borneo,Indonesia,https://medialib.naturalis.nl/file/id/L0041901_MLN/format/large,http://creativecommons.org/publicdomain/zero/1.0/,Naturalis Biodiversity Center,https://www.gbif.org/occurrence/2513103262,Cyrtosperma-merkusii-Hassk-Schott--L-0041901-1.jpg,downloaded image/jpeg
Cyrtosperma merkusii (Hassk.) Schott,Type,,L  0041899,Unknown,Unknown s.n.,,Sumatra,Indonesia,https://medialib.naturalis.nl/file/id/L0041899_MLN/format/large,http://creativecommons.org/publicdomain/zero/1.0/,Naturalis Biodiversity Center,https://www.gbif.org/occurrence/2513103302,Cyrtosperma-merkusii-Hassk-Schott--L-0041899-1.jpg,downloaded image/jpeg
Cyrtosperma merkusii (Hassk.) Schott,Type,,L  0041902,Unknown,Unknown s.n.,,Borneo,Indonesia,https://medialib.naturalis.nl/file/id/L0041902_MLN/format/large,http://creativecommons.org/publicdomain/zero/1.0/,Naturalis Biodiversity Center,https://www.gbif.org/occurrence/2513104217,Cyrtosperma-merkusii-Hassk-Schott--L-0041902-1.jpg,downloaded image/jpeg
Cyrtosperma merkusii (Hassk.) Schott,Type,,L  0041900,Unknown,Unknown s.n.,,Borneo,Indonesia,https://medialib.naturalis.nl/file/id/L0041900_MLN/format/large,http://creativecommons.org/publicdomain/zero/1.0/,Naturalis Biodiversity Center,https://www.gbif.org/occurrence/2513106347,Cyrtosperma-merkusii-Hassk-Schott--L-0041900-1.jpg,downloaded image/jpeg
Cyrtosperma merkusii (Hassk.) Schott,Type,K,K000499253,"Seemann, B.",653,1860,Vulgo Via Kana,Fiji,https://d2jcv3kl45hlgi.cloudfront.net/01d77962fc15689ed1e637f6b6e29113.jpg,http://creativecommons.org/licenses/by/4.0/,"Royal Botanic Gardens, Kew",https://www.gbif.org/occurrence/912415904,Cyrtosperma-merkusii-Hassk-Schott-K-K000499253-1.jpg,downloaded image/jpeg
Cyrtosperma merkusii (Hassk.) Schott,Type,K,K000291747,Griffith,5950,,,Malaysia,https://d2jcv3kl45hlgi.cloudfront.net/9dc6c16286a7f8f8589926c6792e319f.jpg,http://creativecommons.org/licenses/by/4.0/,"Royal Botanic Gardens, Kew",https://www.gbif.org/occurrence/912257109,Cyrtosperma-merkusii-Hassk-Schott-K-K000291747-1.jpg,downloaded image/jpeg
Cyrtosperma merkusii (Hassk.) Schott,Type,K,K000291748,s.coll.,s.n.,,,,https://d2jcv3kl45hlgi.cloudfront.net/830e176409c9b8ed7ffbb6004757d8cf.jpg,http://creativecommons.org/licenses/by/4.0/,"Royal Botanic Gardens, Kew",https://www.gbif.org/occurrence/912257176,Cyrtosperma-merkusii-Hassk-Schott-K-K000291748-1.jpg,downloaded image/jpeg
Cyrtosperma merkusii (Hassk.) Schott,Isotype,NHMUK,BM000990193,Berthold Carl Seemann,s.n.,1861,,Fiji,https://data.nhm.ac.uk/media/34aa63b5-5205-432e-b033-413b9b67a439,http://creativecommons.org/licenses/by/4.0/,"The Trustees of the Natural History Museum, London",https://www.gbif.org/occurrence/1056612561,Cyrtosperma-merkusii-Hassk-Schott-NHMUK-BM000990193-1.jpg,downloaded image/jpeg
