source,file,ia_leaf,printed_page_and_content,has_ocr_text,ia_identifier,ia_url,bhl_page,note
Alderwerelt-1920-Bull-Jard-Bot-Buitenzorg-ser3-v1,Alderwerelt-1920-Bull-Jard-Bot-Buitenzorg-ser3-v1-leaf0194.jpg,194,158 (end of previous note),False,bulletindelinsti20kebu,https://archive.org/details/bulletindelinsti20kebu,,Koorders p.158
Alderwerelt-1920-Bull-Jard-Bot-Buitenzorg-ser3-v1,Alderwerelt-1920-Bull-Jard-Bot-Buitenzorg-ser3-v1-leaf0195.jpg,195,"159 Koorders, Notiz ueber Cyrtosperma Merkusii (start)",True,bulletindelinsti20kebu,https://archive.org/details/bulletindelinsti20kebu,,Koorders p.158
Alderwerelt-1920-Bull-Jard-Bot-Buitenzorg-ser3-v1,Alderwerelt-1920-Bull-Jard-Bot-Buitenzorg-ser3-v1-leaf0196.jpg,196,160 Koorders; C. bantamensis footnote,True,bulletindelinsti20kebu,https://archive.org/details/bulletindelinsti20kebu,,Koorders p.158
Alderwerelt-1920-Bull-Jard-Bot-Buitenzorg-ser3-v1,Alderwerelt-1920-Bull-Jard-Bot-Buitenzorg-ser3-v1-leaf0197.jpg,197,161 Koorders (end),True,bulletindelinsti20kebu,https://archive.org/details/bulletindelinsti20kebu,,Koorders p.158
Alderwerelt-1920-Bull-Jard-Bot-Buitenzorg-ser3-v1,Alderwerelt-1920-Bull-Jard-Bot-Buitenzorg-ser3-v1-leaf0465.jpg,465,"371 Alderwerelt, New or noteworthy Malayan Araceae II",False,bulletindelinsti20kebu,https://archive.org/details/bulletindelinsti20kebu,,Koorders p.158
Alderwerelt-1920-Bull-Jard-Bot-Buitenzorg-ser3-v1,Alderwerelt-1920-Bull-Jard-Bot-Buitenzorg-ser3-v1-leaf0466.jpg,466,372,True,bulletindelinsti20kebu,https://archive.org/details/bulletindelinsti20kebu,,Koorders p.158
Alderwerelt-1920-Bull-Jard-Bot-Buitenzorg-ser3-v1,Alderwerelt-1920-Bull-Jard-Bot-Buitenzorg-ser3-v1-leaf0467.jpg,467,373 C. johnstonii note,True,bulletindelinsti20kebu,https://archive.org/details/bulletindelinsti20kebu,,Koorders p.158
Alderwerelt-1920-Bull-Jard-Bot-Buitenzorg-ser3-v1,Alderwerelt-1920-Bull-Jard-Bot-Buitenzorg-ser3-v1-leaf0468.jpg,468,374 C. syapense; C. cuspidispathum protologue,True,bulletindelinsti20kebu,https://archive.org/details/bulletindelinsti20kebu,,Koorders p.158
Alderwerelt-1920-Bull-Jard-Bot-Buitenzorg-ser3-v1,Alderwerelt-1920-Bull-Jard-Bot-Buitenzorg-ser3-v1-leaf0469.jpg,469,"375 C. subulispathum, C. consobrinum, C. hastatum",True,bulletindelinsti20kebu,https://archive.org/details/bulletindelinsti20kebu,,Koorders p.158
Alderwerelt-1920-Bull-Jard-Bot-Buitenzorg-ser3-v1,Alderwerelt-1920-Bull-Jard-Bot-Buitenzorg-ser3-v1-leaf0470.jpg,470,376 continuation,True,bulletindelinsti20kebu,https://archive.org/details/bulletindelinsti20kebu,,Koorders p.158
Alocasia-Johnstoni-1876-Gard-Chron-ns-5,Alocasia-Johnstoni-1876-Gard-Chron-ns-5-leaf0617.jpg,617,603 Brussels show report: Mr Bull's six new plants incl. Alocasia Johnsoni [Johnstoni] (basionym),True,gardenerschronic51876lond,https://archive.org/details/gardenerschronic51876lond,,Gard. Chron. n.s. 5: 603 (1876) - Alocasia Johnstoni W.Bull ex T.Moore & Mast. (basionym of C. johnstonii)
Andre-1880-Ill-Hort-27-Alocasia-johnstonii,Andre-1880-Ill-Hort-27-Alocasia-johnstonii-leaf0161.jpg,161,Pl. CCCXCV Alocasia Johnstoni W. Bull (colour plate),False,mobot31753002364179,https://archive.org/details/mobot31753002364179,15949217,"Andre 1880 L'Illustration Horticole 27: 133, t. 395 - Alocasia johnstonii (BHL page 15949217 = p. 133)"
Andre-1880-Ill-Hort-27-Alocasia-johnstonii,Andre-1880-Ill-Hort-27-Alocasia-johnstonii-leaf0162.jpg,162,133 Alocasia Johnstoni - text (Ed. Andre),False,mobot31753002364179,https://archive.org/details/mobot31753002364179,15949217,"Andre 1880 L'Illustration Horticole 27: 133, t. 395 - Alocasia johnstonii (BHL page 15949217 = p. 133)"
Andre-1880-Ill-Hort-27-Alocasia-johnstonii,Andre-1880-Ill-Hort-27-Alocasia-johnstonii-leaf0163.jpg,163,134 continuation,False,mobot31753002364179,https://archive.org/details/mobot31753002364179,15949217,"Andre 1880 L'Illustration Horticole 27: 133, t. 395 - Alocasia johnstonii (BHL page 15949217 = p. 133)"
Beccari-1882-Malesia-1,Beccari-1882-Malesia-1-leaf0313.jpg,313,Tav. XXIV figs 1-6 Cyrtosperma macrota Becc. (plate; Hay cites t. 23),False,malesiaracco118771883becc,https://archive.org/details/malesiaracco118771883becc,,"Beccari 1882 Malesia 1: 278-280 Cyrtosperma (no. 39 C. macrotum), Tav. XXIV figs 1-6, explanation p. 303"
Beccari-1882-Malesia-1,Beccari-1882-Malesia-1-leaf0342.jpg,342,278 Cyrtosperma (C. merkusii record),True,malesiaracco118771883becc,https://archive.org/details/malesiaracco118771883becc,,"Beccari 1882 Malesia 1: 278-280 Cyrtosperma (no. 39 C. macrotum), Tav. XXIV figs 1-6, explanation p. 303"
Beccari-1882-Malesia-1,Beccari-1882-Malesia-1-leaf0343.jpg,343,279 no. 39 Cyrtosperma macrotum Becc. description,True,malesiaracco118771883becc,https://archive.org/details/malesiaracco118771883becc,,"Beccari 1882 Malesia 1: 278-280 Cyrtosperma (no. 39 C. macrotum), Tav. XXIV figs 1-6, explanation p. 303"
Beccari-1882-Malesia-1,Beccari-1882-Malesia-1-leaf0344.jpg,344,280 continuation,True,malesiaracco118771883becc,https://archive.org/details/malesiaracco118771883becc,,"Beccari 1882 Malesia 1: 278-280 Cyrtosperma (no. 39 C. macrotum), Tav. XXIV figs 1-6, explanation p. 303"
Beccari-1882-Malesia-1,Beccari-1882-Malesia-1-leaf0365.jpg,365,301 Spiegazione delle tavole,False,malesiaracco118771883becc,https://archive.org/details/malesiaracco118771883becc,,"Beccari 1882 Malesia 1: 278-280 Cyrtosperma (no. 39 C. macrotum), Tav. XXIV figs 1-6, explanation p. 303"
Beccari-1882-Malesia-1,Beccari-1882-Malesia-1-leaf0366.jpg,366,302 explanation of plates,True,malesiaracco118771883becc,https://archive.org/details/malesiaracco118771883becc,,"Beccari 1882 Malesia 1: 278-280 Cyrtosperma (no. 39 C. macrotum), Tav. XXIV figs 1-6, explanation p. 303"
Beccari-1882-Malesia-1,Beccari-1882-Malesia-1-leaf0367.jpg,367,303 explanation: figs 1-6 Cyrtosperma macrotum,True,malesiaracco118771883becc,https://archive.org/details/malesiaracco118771883becc,,"Beccari 1882 Malesia 1: 278-280 Cyrtosperma (no. 39 C. macrotum), Tav. XXIV figs 1-6, explanation p. 303"
Engler-1878-Fl-Bras-3-2,Engler-1878-Fl-Bras-3-2-leaf0067.jpg,67,115-116 Monstera / Alloschemone; Cyrtosperma genus heading p. 116,True,mobot31753002771175,https://archive.org/details/mobot31753002771175,,plate t.22 candidates and p.115
Engler-1878-Fl-Bras-3-2,Engler-1878-Fl-Bras-3-2-leaf0068.jpg,68,"117-118 C. americanum, C. spruceanum; Urospatha",True,mobot31753002771175,https://archive.org/details/mobot31753002771175,,plate t.22 candidates and p.115
Engler-1878-Fl-Bras-3-2,Engler-1878-Fl-Bras-3-2-leaf0140.jpg,140,t. 22 Cyrtosperma americanum plate,False,mobot31753002771175,https://archive.org/details/mobot31753002771175,,plate t.22 candidates and p.115
Engler-1879-Monogr-Phan-2,Engler-1879-Monogr-Phan-2-leaf0290.jpg,290,268 Cyrtosperma genus,True,monographiphane02candgoog,https://archive.org/details/monographiphane02candgoog,,p.268 genus heading
Engler-1879-Monogr-Phan-2,Engler-1879-Monogr-Phan-2-leaf0291.jpg,291,269 C. afzelii,True,monographiphane02candgoog,https://archive.org/details/monographiphane02candgoog,,p.268 genus heading
Engler-1879-Monogr-Phan-2,Engler-1879-Monogr-Phan-2-leaf0292.jpg,292,"270 C. senegalense, C. lasioides",True,monographiphane02candgoog,https://archive.org/details/monographiphane02candgoog,,p.268 genus heading
Engler-1879-Monogr-Phan-2,Engler-1879-Monogr-Phan-2-leaf0293.jpg,293,"271 C. merkusii, var. intermedium, C. edule",True,monographiphane02candgoog,https://archive.org/details/monographiphane02candgoog,,p.268 genus heading
Engler-1910-Nova-Guinea-8-1,Engler-1910-Nova-Guinea-8-1-leaf0270.jpg,270,248 (end of previous genus),False,novaguinearsul81lore,https://archive.org/details/novaguinearsul81lore,,p.248
Engler-1910-Nova-Guinea-8-1,Engler-1910-Nova-Guinea-8-1-leaf0271.jpg,271,249 C. merkusii record; C. giganteum protologue; C. macrotum record,True,novaguinearsul81lore,https://archive.org/details/novaguinearsul81lore,,p.248
Engler-1911-Pflanzenreich-IV-23C-Lasioideae,Engler-1911-Pflanzenreich-IV-23C-Lasioideae-leaf0020.jpg,20,14 tribe key; Cyrtosperma,True,daspflanzenreich48engluoft,https://archive.org/details/daspflanzenreich48engluoft,,p.14 tribe key
Engler-1911-Pflanzenreich-IV-23C-Lasioideae,Engler-1911-Pflanzenreich-IV-23C-Lasioideae-leaf0021.jpg,21,"15 Cyrtosperma description, Arisacontis synonymy, key",True,daspflanzenreich48engluoft,https://archive.org/details/daspflanzenreich48engluoft,,p.14 tribe key
Engler-1911-Pflanzenreich-IV-23C-Lasioideae,Engler-1911-Pflanzenreich-IV-23C-Lasioideae-leaf0022.jpg,22,"16 key, sect. Polytomophyllum",True,daspflanzenreich48engluoft,https://archive.org/details/daspflanzenreich48engluoft,,p.14 tribe key
Engler-1911-Pflanzenreich-IV-23C-Lasioideae,Engler-1911-Pflanzenreich-IV-23C-Lasioideae-leaf0023.jpg,23,"17 C. senegalense, C. edule",True,daspflanzenreich48engluoft,https://archive.org/details/daspflanzenreich48engluoft,,p.14 tribe key
Engler-1911-Pflanzenreich-IV-23C-Lasioideae,Engler-1911-Pflanzenreich-IV-23C-Lasioideae-leaf0024.jpg,24,18,True,daspflanzenreich48engluoft,https://archive.org/details/daspflanzenreich48engluoft,,p.14 tribe key
Engler-1911-Pflanzenreich-IV-23C-Lasioideae,Engler-1911-Pflanzenreich-IV-23C-Lasioideae-leaf0025.jpg,25,"19 C. johnstonii, C. lasioides",True,daspflanzenreich48engluoft,https://archive.org/details/daspflanzenreich48engluoft,,p.14 tribe key
Engler-1911-Pflanzenreich-IV-23C-Lasioideae,Engler-1911-Pflanzenreich-IV-23C-Lasioideae-leaf0026.jpg,26,"20 C. merkusii, fig. 7",True,daspflanzenreich48engluoft,https://archive.org/details/daspflanzenreich48engluoft,,p.14 tribe key
Engler-1911-Pflanzenreich-IV-23C-Lasioideae,Engler-1911-Pflanzenreich-IV-23C-Lasioideae-leaf0027.jpg,27,"21 C. angustilobum, C. ferox, var. intermedium",True,daspflanzenreich48engluoft,https://archive.org/details/daspflanzenreich48engluoft,,p.14 tribe key
Engler-1911-Pflanzenreich-IV-23C-Lasioideae,Engler-1911-Pflanzenreich-IV-23C-Lasioideae-leaf0028.jpg,28,"22 C. macrotum, C. americanum fig. 8",True,daspflanzenreich48engluoft,https://archive.org/details/daspflanzenreich48engluoft,,p.14 tribe key
Engler-1911-Pflanzenreich-IV-23C-Lasioideae,Engler-1911-Pflanzenreich-IV-23C-Lasioideae-leaf0029.jpg,29,23 C. spruceanum; Lasia,True,daspflanzenreich48engluoft,https://archive.org/details/daspflanzenreich48engluoft,,p.14 tribe key
Griffith-1851-Icones-Pl-Asiat-3,Griffith-1851-Icones-Pl-Asiat-3-leaf0083.jpg,83,t. 169 Cyrtosperma lasioides Griff. (plate),False,posthumouspapers03griff,https://archive.org/details/posthumouspapers03griff,,Griffith 1851 Icones Plantarum Asiaticarum pt 3: t. 169 (leaf 83) Cyrtosperma lasioides; t. 173 (leaf 91) fig. 1a
Griffith-1851-Icones-Pl-Asiat-3,Griffith-1851-Icones-Pl-Asiat-3-leaf0091.jpg,91,"t. 173 Aroideae analyses (fig. 1 Cyrtosperma lasioides, per Hay)",False,posthumouspapers03griff,https://archive.org/details/posthumouspapers03griff,,Griffith 1851 Icones Plantarum Asiaticarum pt 3: t. 169 (leaf 83) Cyrtosperma lasioides; t. 173 (leaf 91) fig. 1a
Griffith-1851-Notulae-3,Griffith-1851-Notulae-3-leaf0152.jpg,152,149 Cyrtosperma gen. nov. - Char. Generis (start; no OCR),False,wbsl.2486,https://archive.org/details/wbsl.2486,,Griffith 1851 Notulae ad Plantas Asiaticas 3: 149-151 - protologue of Cyrtosperma and C. lasioides
Griffith-1851-Notulae-3,Griffith-1851-Notulae-3-leaf0153.jpg,153,150 Aroideae: Cyrtosperma lasioides (no OCR),False,wbsl.2486,https://archive.org/details/wbsl.2486,,Griffith 1851 Notulae ad Plantas Asiaticas 3: 149-151 - protologue of Cyrtosperma and C. lasioides
Griffith-1851-Notulae-3,Griffith-1851-Notulae-3-leaf0154.jpg,154,151 Cyrtosperma (continuation; no OCR),False,wbsl.2486,https://archive.org/details/wbsl.2486,,Griffith 1851 Notulae ad Plantas Asiaticas 3: 149-151 - protologue of Cyrtosperma and C. lasioides
Hariri-2024-Webbia-79,Hariri-2024-Webbia-79-p291.jpg,,291 (rendered from PDF),True,,,,
Hariri-2024-Webbia-79,Hariri-2024-Webbia-79-p292.jpg,,292 (rendered from PDF),True,,,,
Hariri-2024-Webbia-79,Hariri-2024-Webbia-79-p293.jpg,,293 (rendered from PDF),True,,,,
Hariri-2024-Webbia-79,Hariri-2024-Webbia-79-p294.jpg,,294 (rendered from PDF),True,,,,
Hasskarl-1844-Cat-Hort-Bot-Bogor-alter,Hasskarl-1844-Cat-Hort-Bot-Bogor-alter-leaf0067.jpg,67,59 Lasia Merkusii Hsskl.,True,catalogusplantar00hass,https://archive.org/details/catalogusplantar00hass,,Hasskarl 1844 Lasia merkusii p.59 (basionym of C. merkusii)
Hay-1988-Blumea-33,Hay-1988-Blumea-33-p427.jpg,,427 (rendered from PDF),True,,,,
Hay-1988-Blumea-33,Hay-1988-Blumea-33-p428.jpg,,428 (rendered from PDF),True,,,,
Hay-1988-Blumea-33,Hay-1988-Blumea-33-p429.jpg,,429 (rendered from PDF),True,,,,
Hay-1988-Blumea-33,Hay-1988-Blumea-33-p430.jpg,,430 (rendered from PDF),True,,,,
Hay-1988-Blumea-33,Hay-1988-Blumea-33-p431.jpg,,431 (rendered from PDF),True,,,,
Hay-1988-Blumea-33,Hay-1988-Blumea-33-p432.jpg,,432 (rendered from PDF),True,,,,
Hay-1988-Blumea-33,Hay-1988-Blumea-33-p433.jpg,,433 (rendered from PDF),True,,,,
Hay-1988-Blumea-33,Hay-1988-Blumea-33-p434.jpg,,434 (rendered from PDF),True,,,,
Hay-1988-Blumea-33,Hay-1988-Blumea-33-p435.jpg,,435 (rendered from PDF),True,,,,
Hay-1988-Blumea-33,Hay-1988-Blumea-33-p436.jpg,,436 (rendered from PDF),True,,,,
Hay-1988-Blumea-33,Hay-1988-Blumea-33-p437.jpg,,437 (rendered from PDF),True,,,,
Hay-1988-Blumea-33,Hay-1988-Blumea-33-p438.jpg,,438 (rendered from PDF),True,,,,
Hay-1988-Blumea-33,Hay-1988-Blumea-33-p439.jpg,,439 (rendered from PDF),True,,,,
Hay-1988-Blumea-33,Hay-1988-Blumea-33-p440.jpg,,440 (rendered from PDF),True,,,,
Hay-1988-Blumea-33,Hay-1988-Blumea-33-p441.jpg,,441 (rendered from PDF),True,,,,
Hay-1988-Blumea-33,Hay-1988-Blumea-33-p442.jpg,,442 (rendered from PDF),True,,,,
Hay-1988-Blumea-33,Hay-1988-Blumea-33-p443.jpg,,443 (rendered from PDF),True,,,,
Hay-1988-Blumea-33,Hay-1988-Blumea-33-p444.jpg,,444 (rendered from PDF),True,,,,
Hay-1988-Blumea-33,Hay-1988-Blumea-33-p445.jpg,,445 (rendered from PDF),True,,,,
Hay-1988-Blumea-33,Hay-1988-Blumea-33-p446.jpg,,446 (rendered from PDF),True,,,,
Hay-1988-Blumea-33,Hay-1988-Blumea-33-p447.jpg,,447 (rendered from PDF),True,,,,
Hay-1988-Blumea-33,Hay-1988-Blumea-33-p448.jpg,,448 (rendered from PDF),True,,,,
Hay-1988-Blumea-33,Hay-1988-Blumea-33-p449.jpg,,449 (rendered from PDF),True,,,,
Hay-1988-Blumea-33,Hay-1988-Blumea-33-p450.jpg,,450 (rendered from PDF),True,,,,
Hay-1988-Blumea-33,Hay-1988-Blumea-33-p451.jpg,,451 (rendered from PDF),True,,,,
Hay-1988-Blumea-33,Hay-1988-Blumea-33-p452.jpg,,452 (rendered from PDF),True,,,,
Hay-1988-Blumea-33,Hay-1988-Blumea-33-p453.jpg,,453 (rendered from PDF),True,,,,
Hay-1988-Blumea-33,Hay-1988-Blumea-33-p454.jpg,,454 (rendered from PDF),True,,,,
Hay-1988-Blumea-33,Hay-1988-Blumea-33-p455.jpg,,455 (rendered from PDF),True,,,,
Hay-1988-Blumea-33,Hay-1988-Blumea-33-p456.jpg,,456 (rendered from PDF),True,,,,
Hay-1988-Blumea-33,Hay-1988-Blumea-33-p457.jpg,,457 (rendered from PDF),True,,,,
Hay-1988-Blumea-33,Hay-1988-Blumea-33-p458.jpg,,458 (rendered from PDF),True,,,,
Hay-1988-Blumea-33,Hay-1988-Blumea-33-p459.jpg,,459 (rendered from PDF),True,,,,
Hay-1988-Blumea-33,Hay-1988-Blumea-33-p460.jpg,,460 (rendered from PDF),True,,,,
Hay-1988-Blumea-33,Hay-1988-Blumea-33-p461.jpg,,461 (rendered from PDF),True,,,,
Hay-1988-Blumea-33,Hay-1988-Blumea-33-p462.jpg,,462 (rendered from PDF),True,,,,
Hay-1988-Blumea-33,Hay-1988-Blumea-33-p463.jpg,,463 (rendered from PDF),True,,,,
Hay-1988-Blumea-33,Hay-1988-Blumea-33-p464.jpg,,464 (rendered from PDF),True,,,,
Hay-1988-Blumea-33,Hay-1988-Blumea-33-p465.jpg,,465 (rendered from PDF),True,,,,
Hay-1988-Blumea-33,Hay-1988-Blumea-33-p466.jpg,,466 (rendered from PDF),True,,,,
Hay-1988-Blumea-33,Hay-1988-Blumea-33-p467.jpg,,467 (rendered from PDF),True,,,,
Hay-1988-Blumea-33,Hay-1988-Blumea-33-p468.jpg,,468 (rendered from PDF),True,,,,
Hay-1988-Blumea-33,Hay-1988-Blumea-33-p469.jpg,,469 (rendered from PDF),True,,,,
Linden-1900-Semaine-Hort-4,Linden-1900-Semaine-Hort-4-leaf0722.jpg,722,472 Cyrtosperma? congoensis text,True,mobot31753002632997,https://archive.org/details/mobot31753002632997,,"L. Linden 1900 Cyrtosperma? congoensis, Semaine Hort. 4: 472-473, fig. 158"
Linden-1900-Semaine-Hort-4,Linden-1900-Semaine-Hort-4-leaf0723.jpg,723,473 fig. 158 Cyrtosperma? congoensis,True,mobot31753002632997,https://archive.org/details/mobot31753002632997,,"L. Linden 1900 Cyrtosperma? congoensis, Semaine Hort. 4: 472-473, fig. 158"
Linden-Brown-1892-Ill-Hort-39,Linden-Brown-1892-Ill-Hort-39-leaf0085.jpg,85,index of plates: 153. Cyrtosperma ferox ... p. 59,True,mobot31753002364294,https://archive.org/details/mobot31753002364294,15253128,"Linden & N.E. Brown 1892 L'Illustration Horticole 39: 59, Pl. CLIII - Cyrtosperma ferox (index leaf 84 gives text p. 59)"
Linden-Brown-1892-Ill-Hort-39,Linden-Brown-1892-Ill-Hort-39-leaf0095.jpg,95,Pl. CLIII Cyrtosperma ferox (colour plate),True,mobot31753002364294,https://archive.org/details/mobot31753002364294,15253128,"Linden & N.E. Brown 1892 L'Illustration Horticole 39: 59, Pl. CLIII - Cyrtosperma ferox (index leaf 84 gives text p. 59)"
Linden-Brown-1892-Ill-Hort-39,Linden-Brown-1892-Ill-Hort-39-leaf0096.jpg,96,59 Cyrtosperma ferox L. Linden et N.E. Brown - text,True,mobot31753002364294,https://archive.org/details/mobot31753002364294,15253128,"Linden & N.E. Brown 1892 L'Illustration Horticole 39: 59, Pl. CLIII - Cyrtosperma ferox (index leaf 84 gives text p. 59)"
Linden-Brown-1892-Ill-Hort-39,Linden-Brown-1892-Ill-Hort-39-leaf0097.jpg,97,60 continuation,True,mobot31753002364294,https://archive.org/details/mobot31753002364294,15253128,"Linden & N.E. Brown 1892 L'Illustration Horticole 39: 59, Pl. CLIII - Cyrtosperma ferox (index leaf 84 gives text p. 59)"
Merrill-1914-Philipp-J-Sci-9C,Merrill-1914-Philipp-J-Sci-9C-leaf0077.jpg,77,65 Cyrtosperma chamissonis comb. nov.,True,philippinejourn91914phil,https://archive.org/details/philippinejourn91914phil,,p.65
Moore-1933-Bishop-Mus-Bull-102,Moore-1933-Bishop-Mus-Bull-102-p023.jpg,,23 (rendered from PDF),True,,,,
Moore-1933-Bishop-Mus-Bull-102,Moore-1933-Bishop-Mus-Bull-102-p052.jpg,,52 (rendered from PDF),True,,,,
NE-Brown-1882-Gard-Chron-ns-18,NE-Brown-1882-Gard-Chron-ns-18-leaf0824.jpg,824,808 Cyrtosperma Johnstoni N.E.Br. (New Garden Plants),True,gardenerschronic18lond,https://archive.org/details/gardenerschronic18lond,,p.808 candidates
NE-Brown-1884-Gard-Chron-ns-21,NE-Brown-1884-Gard-Chron-ns-21-leaf0725.jpg,725,711 New plants: Cyrtosperma matrieffiana,True,gardenerschronic21lond,https://archive.org/details/gardenerschronic21lond,,p.711
NE-Brown-1914-Bot-Mag-t8567,NE-Brown-1914-Bot-Mag-t8567-leaf0128.jpg,128,"contents of No. 116, August 1914",True,mobot31753002722350,https://archive.org/details/mobot31753002722350,476776,"N.E. Brown 1914 Curtis's Bot. Mag. ser. 4, 10: t. 8567 - Cyrtosperma johnstonii (BHL page 476776)"
NE-Brown-1914-Bot-Mag-t8567,NE-Brown-1914-Bot-Mag-t8567-leaf0129.jpg,129,"Tab. 8567 Cyrtosperma Johnstoni (colour plate, M. Smith del., J.N. Fitch lith.)",True,mobot31753002722350,https://archive.org/details/mobot31753002722350,476776,"N.E. Brown 1914 Curtis's Bot. Mag. ser. 4, 10: t. 8567 - Cyrtosperma johnstonii (BHL page 476776)"
NE-Brown-1914-Bot-Mag-t8567,NE-Brown-1914-Bot-Mag-t8567-leaf0130.jpg,130,Tab. 8567 text (N.E. Brown),True,mobot31753002722350,https://archive.org/details/mobot31753002722350,476776,"N.E. Brown 1914 Curtis's Bot. Mag. ser. 4, 10: t. 8567 - Cyrtosperma johnstonii (BHL page 476776)"
NE-Brown-1914-Bot-Mag-t8567,NE-Brown-1914-Bot-Mag-t8567-leaf0131.jpg,131,text continuation,True,mobot31753002722350,https://archive.org/details/mobot31753002722350,476776,"N.E. Brown 1914 Curtis's Bot. Mag. ser. 4, 10: t. 8567 - Cyrtosperma johnstonii (BHL page 476776)"
Nadeaud-1897-J-Bot-Morot-11,Nadeaud-1897-J-Bot-Morot-11-leaf0134.jpg,134,116 Cyrtosperma Merkusii var. gigantea (protologue start),True,journaldebotaniq11pari,https://archive.org/details/journaldebotaniq11pari,8178154,Nadeaud 1897 J. Bot. (Morot) 11: 116 - C. merkusii var. giganteum (BHL page 8178154)
Nadeaud-1897-J-Bot-Morot-11,Nadeaud-1897-J-Bot-Morot-11-leaf0135.jpg,135,117 continuation,True,journaldebotaniq11pari,https://archive.org/details/journaldebotaniq11pari,8178154,Nadeaud 1897 J. Bot. (Morot) 11: 116 - C. merkusii var. giganteum (BHL page 8178154)
Nadeaud-1897-J-Bot-Morot-11,Nadeaud-1897-J-Bot-Morot-11-leaf0136.jpg,136,118 continuation,True,journaldebotaniq11pari,https://archive.org/details/journaldebotaniq11pari,8178154,Nadeaud 1897 J. Bot. (Morot) 11: 116 - C. merkusii var. giganteum (BHL page 8178154)
Ridley-1925-Fl-Malay-Penins-5,Ridley-1925-Fl-Malay-Penins-5-leaf0139.jpg,139,126 Cyrtosperma; fig. 216 C. lasioides,True,floramalaypenin00ridlb,https://archive.org/details/floramalaypenin00ridlb,56633067,"Ridley 1925 Flora of the Malay Peninsula 5: 126-127, fig. 216 - Cyrtosperma lasioides (BHL page 56633067)"
Ridley-1925-Fl-Malay-Penins-5,Ridley-1925-Fl-Malay-Penins-5-leaf0140.jpg,140,127 continuation,True,floramalaypenin00ridlb,https://archive.org/details/floramalaypenin00ridlb,56633067,"Ridley 1925 Flora of the Malay Peninsula 5: 126-127, fig. 216 - Cyrtosperma lasioides (BHL page 56633067)"
Schott-1857-Bonplandia-5,Schott-1857-Bonplandia-5-leaf0132.jpg,132,127 Lasimorpha senegalensis; Urospatha,True,mobot31753002212436,https://archive.org/details/mobot31753002212436,,p.123?
Schott-1857-Bonplandia-5,Schott-1857-Bonplandia-5-leaf0133.jpg,133,128 Urospatha,True,mobot31753002212436,https://archive.org/details/mobot31753002212436,,p.123?
Schott-1857-Bonplandia-5,Schott-1857-Bonplandia-5-leaf0134.jpg,134,"129 Arisacontis Chamissonis; Lasinae synopsis incl. Cyrtosperma Merkusii, lasioides",True,mobot31753002212436,https://archive.org/details/mobot31753002212436,,p.123?
Schott-1857-Oesterr-Bot-Wochenbl-7,Schott-1857-Oesterr-Bot-Wochenbl-7-leaf0062.jpg,62,"61 Aroideae, skizzirt von H.W. Schott: Cyrtosperma Merkusii (protologue)",True,mobot31753002757398,https://archive.org/details/mobot31753002757398,29952872,Schott 1857 Oesterr. Bot. Wochenbl. 7: 61 - Cyrtosperma merkusii protologue (BHL page 29952872 via IPNI openurl)
Schott-1857-Oesterr-Bot-Wochenbl-7,Schott-1857-Oesterr-Bot-Wochenbl-7-leaf0063.jpg,63,"62 continuation (Lysichiton, Echidnium)",True,mobot31753002757398,https://archive.org/details/mobot31753002757398,29952872,Schott 1857 Oesterr. Bot. Wochenbl. 7: 61 - Cyrtosperma merkusii protologue (BHL page 29952872 via IPNI openurl)
Schott-1858-Genera-Aroidearum,Schott-1858-Genera-Aroidearum-leaf0272.jpg,272,"84 Cyrtosperma Griffith - generic description, synonymy, etymology",False,mobot31753000312444,https://archive.org/details/mobot31753000312444,,"Schott 1858 Genera Aroidearum: p. 84 Cyrtosperma (leaf 272), explicatio tabulae 84 (leaf 273), plate T. 84 Cyrtosperma lasioides (leaf 274)"
Schott-1858-Genera-Aroidearum,Schott-1858-Genera-Aroidearum-leaf0273.jpg,273,Explicatio tabulae 84 Cyrtosperma lasioides Griff.,True,mobot31753000312444,https://archive.org/details/mobot31753000312444,,"Schott 1858 Genera Aroidearum: p. 84 Cyrtosperma (leaf 272), explicatio tabulae 84 (leaf 273), plate T. 84 Cyrtosperma lasioides (leaf 274)"
Schott-1858-Genera-Aroidearum,Schott-1858-Genera-Aroidearum-leaf0274.jpg,274,T. 84 Cyrtosperma Griffith (plate),True,mobot31753000312444,https://archive.org/details/mobot31753000312444,,"Schott 1858 Genera Aroidearum: p. 84 Cyrtosperma (leaf 272), explicatio tabulae 84 (leaf 273), plate T. 84 Cyrtosperma lasioides (leaf 274)"
Schott-1861-Bonplandia-9,Schott-1861-Bonplandia-9-leaf0373.jpg,373,367 Cyrtosperma edulis S. (Seemann Fiji list),True,mobot31753002212477,https://archive.org/details/mobot31753002212477,,"Seemann 1861 Fiji plant list in Bonplandia 9, with Schott's Cyrtosperma edule sp. nov. p.367"
Schott-1861-Bonplandia-9,Schott-1861-Bonplandia-9-leaf0374.jpg,374,368 continuation,True,mobot31753002212477,https://archive.org/details/mobot31753002212477,,"Seemann 1861 Fiji plant list in Bonplandia 9, with Schott's Cyrtosperma edule sp. nov. p.367"
Schott-1864-Ann-Mus-Bot-Lugd-Bat-1,Schott-1864-Ann-Mus-Bot-Lugd-Bat-1-leaf0315.jpg,315,283 C. intermedium,False,mobot31753002764873,https://archive.org/details/mobot31753002764873,,"Schott 1864 Araceae in Miquel Ann. Mus. Bot. Lugduno-Batavi 1: 284 - C. cuspidilobum, C. dubium, C. intermedium"
Schott-1864-Ann-Mus-Bot-Lugd-Bat-1,Schott-1864-Ann-Mus-Bot-Lugd-Bat-1-leaf0316.jpg,316,"284 C. cuspidilobum, C. dubium (Observ.)",False,mobot31753002764873,https://archive.org/details/mobot31753002764873,,"Schott 1864 Araceae in Miquel Ann. Mus. Bot. Lugduno-Batavi 1: 284 - C. cuspidilobum, C. dubium, C. intermedium"
Schott-1864-Ann-Mus-Bot-Lugd-Bat-1,Schott-1864-Ann-Mus-Bot-Lugd-Bat-1-leaf0317.jpg,317,285 Pothos,False,mobot31753002764873,https://archive.org/details/mobot31753002764873,,"Schott 1864 Araceae in Miquel Ann. Mus. Bot. Lugduno-Batavi 1: 284 - C. cuspidilobum, C. dubium, C. intermedium"
