SPECIES NAME,TITLE,AUTHORITY,TAGS,PHOTOS,PROTOLOGUE,HOMOTYPIC SYNONYMS,HETEROTYPIC SYNONYMS,ACCEPTED INFRASPECIFICS,DISTRIBUTION,DISTRIBUTION NOTE,SPECIES DESCRIPTION,INFLORESCENCE,ECOLOGY,DISTRIBUTION MAPS,ETYMOLOGY,NOTES,REFERENCES,FIELDS STILL OPEN,WORDS
Cyrtosperma merkusii,CYRTOSPERMA MERKUSII,(Hassk.) Schott,"Cyrtosperma, Asia, Oceania, Malaysia, Peninsular Malaysia, Sumatra, Java, Borneo, Sarawak, Brunei, Philippines, Luzon, Samar, Indonesia, New Guinea, Papua New Guinea, Manus, Milne Bay, Solomon Islands, Guadalcanal, Malaita, Caroline Is., Marshall Is., Gilbert Is., Marianas, Fiji, Samoa, Vanuatu, Santa Cruz Is., Cook Islands, Society Islands, Tuvalu","hero from inat/merkusii (research-grade wild plants from Micronesia or Malaysia); protologue plates: Griffith 1851 t. 169 (as C. lasioides), Schott 1858 T. 84, Ridley 1925 fig. 216, Hay 1988 Fig. 1; type sheets K000291747 (Griffith 5950), K000499253 (Seemann 653), L 0041899–0041902","Cyrtosperma merkusii (Hassk.) Schott, published in Oesterreichisches Botanisches Wochenblatt 7: 61 (1857).
Lasia merkusii Hassk., Catalogus plantarum in Horto botanico Bogoriensi cultarum alter: 59 (1844). Type: Hasskarl s.n., Java, cultivated in the Bogor botanic garden (holotype L).
Schott's 1857 note, under the heading ""Aroideae, sketched by H. W. Schott"", says that the plant Hasskarl first made known and placed in Lasia agrees entirely, in habit and in the structure of flower and fruit, with Griffith's later Cyrtosperma, and transfers it. He gives the genus in outline (spathe scarcely twisted, at length withering but persistent; spadix elongate; flowers hexamerous; berries smooth; seed reniform, margined and crested; albumen fleshy; leaves sagittate), contrasts Lasia (spathe tightly twisted, flowers tetramerous, berries muricate, seed almost without albumen, leaves at length pinnatipartite), and separates the two known species: Cyrtosperma lasioides Griff. with a long-cuspidate blade whose basal lobes are parted by a narrow sinus, a spathe 3–6 inches long and a spadix reaching the middle of the spathe; Cyrtosperma merkusii with a cuspidate-acuminate blade whose basal lobes are parted by a wide sinus, a spathe 10–12 inches long and a spadix two-thirds the length of the spathe.² Hay (1988) later showed the two to be one species.⁴","Lasia merkusii Hassk., Cat. Hort. Bot. Bogor. alter: 59 (1844)","Cyrtosperma lasioides Griff., Not. Pl. Asiat. 3: 150 (1851), the type species of the genus (type Griffith 5950, Malacca, K); Arisacontis chamissonis Schott, Bonplandia 5: 129 (1857) and Cyrtosperma chamissonis (Schott) Merr., Philipp. J. Sci. 9C: 65 (1914), the name long used for the Pacific crop (type Chamisso 54, W); Cyrtosperma edule Schott, Bonplandia 9: 367 (1861) (type Seemann 653, Fiji, BM; K, GH); Cyrtosperma cuspidilobum Schott, C. dubium Schott and C. intermedium Schott, Ann. Mus. Bot. Lugd.-Bat. 1: 284 (1864) (types Korthals s.n., Borneo and Sumatra, L), the last also as C. merkusii var. intermedium (Schott) Engl. (1879); Cyrtosperma ferox L.Linden & N.E.Br., Ill. Hort. 39: 59, t. 153 (1892) (type a Kew plant from Borneo, K); Cyrtosperma merkusii var. giganteum Nadeaud, J. Bot. (Morot) 11: 116 (1897) (type Tahiti, Hitiaa, P); Cyrtosperma bantamense Koord., Bull. Jard. Bot. Buitenzorg sér. 3, 1: 160 (1919), nom. subnud. (lectotype Koorders 41645, Bantam, BO); Cyrtosperma nadeaudianum J.W.Moore, Bishop Mus. Bull. 102: 22 (1933) (type Nadeaud s.n., Raiatea, P)",N/A,"Malesia to the Pacific: Borneo, Caroline Is., Cook Is., Fiji, Gilbert Is., Java, Marshall Is., New Guinea, Peninsular Malaysia, Philippines, Samoa, Santa Cruz Is., Society Is., Solomon Is., Sumatra, Vanuatu. Introduced into the Line Is., Marquesas, Nauru, Tokelau-Manihiki, Tuamotu, Tuvalu, Vietnam and Wallis-Futuna Is.¹","Wild, rare and little used in Peninsular Malaysia, Sumatra, Borneo and Java; the Philippine plants are the unarmed cultivated kind, perhaps escaped; both wild-type and cultivated giants grow in the Solomon Islands. Hay saw no wild material from mainland New Guinea, only cultivated plants on Kiriwina and Manus.⁴ Pollen of the species in early-Holocene, pre-human sediment on Pohnpei shows its natural range was wider than the wild collections suggest.⁶ The Sangihe, Talaud and Siau islands off North Sulawesi grow it as daluga.⁷","Robust to gigantic herb to 4 m tall. Rhizome short and slender to very large, sometimes globose and weighing up to 70 kg, weakly to freely suckering. Leaves several, sagittate, rarely hastate; petioles c. 40 cm to c. 3 m long, heavily armed, often very heavily with stout conical spines towards the base, to unarmed in cultivated forms; blade c. 30 cm to 1.3 m long and to c. 80 cm wide, armed or not beneath, held more or less horizontally to vertically with the posterior lobes down; posterior lobes somewhat exceeding the anterior; primary venation of the anterior lobe curvinerved in small plants to pinnate in large ones; posterior midribs naked in the sinus for c. 5 cm.⁴","Inflorescence solitary on a peduncle similar to but usually shorter than the petioles, like them with a geniculus at the top that turns blackish on drying. Spathe very variable in size, colour and shape, 2.5 to c. 30 cm long, white, yellow, green or purple, the pale ones usually with purplish streaks outside, rolled back to deflexed to erect with increasing size, the erect ones somewhat constricted above the level of the spadix apex; spadix 2–24 cm long, equalling or exceeding half the length of the spathe, sessile to stipitate, the stipe free or adnate to the spathe. Flowers hexamerous; ovary 1–2-ovulate; stamens exserted from the tepals at male anthesis. Fruit reddish orange, sessile, 1(–2)-seeded. Seed campylotropous, almost circular in profile to shallowly kidney-shaped, 5–11 mm long, brown, with about three raised, warty longitudinal crests to sparsely and irregularly warty and faintly crested.⁴","Lowland swamp forest, open swamps and cultivation, mostly near sea level; in cultivation dug pits and taro swamps on atolls and high islands.⁴ Herbarium records range from sea level to about 1,800 m, with a median near 10 m.⁵",Hay 1988 Fig. 2 (Malesia; additional localities further east in Oceania).,"Hasskarl's epithet honours Pieter Merkus (1787–1844), Governor-General of the Dutch East Indies when the Bogor garden was catalogued; the 1844 entry itself carries no dedication. Griffith's lasioides means Lasia-like, after the genus in which Hasskarl had placed the plant. The generic name is from the Greek kyrtos, curved, and sperma, seed, for the strongly curved seed, as Schott spelt out in 1858.⁸","1. The giant swamp taro of the Pacific: babai in Kiribati, pulaka in Tuvalu, baba on Guam,⁹ ape veo on Raiatea,¹⁰ daluga in the Sangihe islands,⁷ sampi gede in Sundanese Java.¹¹ Grown for its enormous corm, in the past a staple of atolls where little else will grow; Hay judged it a crop becoming obsolete in favour of Colocasia and Xanthosoma, but one whose origin, variation and development deserve inquiry as an early Melanesian and Polynesian crop.⁴
2. The species as Hay circumscribed it covers a wide range of form. Spathe poise follows its size relative to the spadix: a small spathe is stretched during expansion and deflected, a large one stands erect. Wild plants are heavily armed throughout the range; the unarmed, massive forms are cultivated selections, whose seeds are larger, less ornamented and less curved and whose fruit set is lower. None of these characters correlates with another well enough to separate wild from cultivated plants formally.⁴
3. Where it was domesticated is unresolved. Either the species has a natural range split between West Malesia and Papuasia, like its closest relatives on Bougainville, the Louisiades and the Lorentz River, and was taken into cultivation in the Solomons or the west or both; or the seemingly wild plants of the Solomons are relics of the earliest, still spiny, introductions from the west, such as are grown in the Trobriands and on Manus.⁴
4. Nicolson suggested the cultivars be surveyed for polyploidy; Hay found the chromosome and stem-morphology data too scant to settle it.⁴ Genetic work has since begun in North Sulawesi.⁷
5. Koorders could find no authentic material of Lasia merkusii at Bogor in 1919 and matched his Bantam plant to it on Hasskarl's description and the shared Sundanese name Sampi; his manuscript name bantamensis appears only in a footnote.¹¹
6. Engler's Pflanzenreich account of C. merkusii and C. edule mixed in New Guinea material that belongs to C. cuspidispathum and C. macrotum, and his fig. 6, captioned C. edule, is C. cuspidispathum.⁴
7. In cultivation the plant is the one Cyrtosperma most often seen, in botanic gardens and among growers, and the giant unarmed forms exceed 3 m.","1. Plants of the World Online, Royal Botanic Gardens, Kew — Cyrtosperma merkusii. https://powo.science.kew.org/taxon/urn:lsid:ipni.org:names:86826-1
2. Schott, H.W. 1857. Aroideen-Skizzen. Oesterreichisches Botanisches Wochenblatt 7: 61–62 — protologue of the combination. https://www.biodiversitylibrary.org/page/29952872
3. iNaturalist: Cyrtosperma merkusii. https://www.inaturalist.org/taxa/210278
4. Hay, A. 1988. Cyrtosperma (Araceae) and its Old World allies. Blumea 33: 427–469. https://repository.naturalis.nl/pub/526134
5. GBIF occurrence download for Cyrtosperma, 2026-09-05 (623 records). https://www.gbif.org/species/2871919
6. Athens, J.S. & Stevenson, J. 2011. Pohnpei coring records: the natural distribution of Cyrtosperma chamissonis. Journal of Pacific Archaeology 2(1). https://doi.org/10.70460/jpa.v3i1.75
7. Erlinawati, I., Abinawanto, Salamah, A. & Rugayah. 2018. Genetic diversity analysis of daluga (Cyrtosperma merkusii) using SRAP in Siau, Sangihe and Talaud Islands, North Sulawesi, Indonesia. Biodiversitas 19: 2374–2380. https://doi.org/10.13057/biodiv/d190648
8. Schott, H.W. 1858. Genera Aroidearum: 84, t. 84. Vienna. https://archive.org/details/mobot31753000312444
9. Merrill, E.D. 1914. An enumeration of the plants of Guam. Philippine Journal of Science 9C: 65. https://archive.org/details/philippinejourn91914phil
10. Moore, J.W. 1933. New and critical plants from Raiatea. Bernice P. Bishop Museum Bulletin 102: 22. https://hbs.bishopmuseum.org/pubs-online/pdf/bull102.pdf
11. Koorders, S.H. 1919. Notiz über Cyrtosperma Merkusii. Bulletin du Jardin Botanique de Buitenzorg sér. 3, 1: 159–161. https://archive.org/details/bulletindelinsti20kebu
12. Hasskarl, J.K. 1844. Catalogus plantarum in Horto botanico Bogoriensi cultarum alter: 59 — basionym. https://archive.org/details/catalogusplantar00hass
13. Griffith, W. 1851. Notulae ad Plantas Asiaticas 3: 149–150; Icones Plantarum Asiaticarum 3: t. 169 — Cyrtosperma and C. lasioides. https://archive.org/details/posthumouspapers03griff
14. Nadeaud, J. 1897. Sur quelques plantes rares de Tahiti. Journal de Botanique (Morot) 11: 116–118 — var. gigantea. https://www.biodiversitylibrary.org/page/8178154
15. Linden, L. & Brown, N.E. 1892. Cyrtosperma ferox. L'Illustration Horticole 39: 59–60, Pl. CLIII. https://www.biodiversitylibrary.org/page/15253128
16. Ridley, H.N. 1925. The Flora of the Malay Peninsula 5: 126–127, fig. 216. https://www.biodiversitylibrary.org/page/56633067
17. Engler, A. 1911. Araceae-Lasioideae. Das Pflanzenreich IV.23C: 17–21. https://archive.org/details/daspflanzenreich48engluoft",none,1630
Cyrtosperma johnstonii,CYRTOSPERMA JOHNSTONII,(W.Bull ex T.Moore & Mast.) N.E.Br.,"Cyrtosperma, Oceania, Solomon Islands, Bougainville","hero from inat/johnstonii (a well-grown clump showing the mottled petioles; wild plants from the Solomons exist among the research-grade records); plates: Ill. Hort. 27 Pl. CCCXCV (1880, as Alocasia Johnstoni), Bot. Mag. t. 8567 (1914); type sheets K000499263, K000499264","Cyrtosperma johnstonii (W.Bull ex T.Moore & Mast.) N.E.Br., published in The Gardeners' Chronicle n.s. 18: 808 (23 December 1882).
Alocasia johnstonii W.Bull ex T.Moore & Mast., Gardeners' Chronicle n.s. 5: 603 (6 May 1876), in the report of Mr Bull's six new plants at the Brussels exhibition: ""a species having purple, mottled stalks, furnished with short prickles arranged in groups, and arrow-shaped, erect, dark green leaves veined with red"", said to come from New Guinea.¹² Hay (1988) had taken Bull's 1878 retail list as the place of publication and chose as lectotype the sterile leaves Bull sent to Kew in September 1878 (K000499264);⁴ Hay (2020) showed that the 1876 report, four months earlier than Wittmack's account of the same exhibition, validly published the basionym, so that the Kew sheet is not original material and a neotype was needed.⁵
Neotype: D.H. Nicolson 976, 3 May 1961, cultivated in the Bogor Botanic Garden, West Java, plant II.Q.F.35 (US, two sheets, barcodes 03822207 and 03822208; isoneotypes BO, L), designated by Hay (2020).⁵ Hay cites the basionym as Alocasia johnstonii W.Bull ex Mast.; IPNI and POWO credit the unsigned 1876 report to the Chronicle's editors, T. Moore and M.T. Masters, and that form is used here.¹ ⁵ Masters printed the epithet as ""johnsoni"" and Bull always as ""johnstoni"", an orthographic error corrected to johnstonii under the Code.⁵
N.E. Brown's 1882 note records the first flowering in Europe, at the Compagnie Continentale d'Horticulture, Ghent, of the plant ""which Mr. W. Bull introduced from the Solomon Isles, and sent out as Alocasia Johnstoni"": peduncle like the petiole and armed with clusters of spines in an interrupted spiral; spathe ovate-lanceolate, acuminate, slightly convolute at the base, about 5 inches long, apparently brownish; spadix 2 inches by a quarter inch, brownish, flowering from the apex downwards; perianth of six free segments; six free stamens with exserted white anthers; ovary ovoid-oblong, one-celled, with two or sometimes one anatropous ovule fixed to the side of the cell. He calls it ""the first Cyrtosperma that has been cultivated in European gardens"".²","Alocasia johnstonii W.Bull ex T.Moore & Mast., Gard. Chron. n.s. 5: 603 (1876)",N/A,N/A,Solomon Islands: Solomon Is.¹,"Known for over a century only from cultivation. Bull's exhibit of 1876 was labelled as introduced from New Guinea in 1875, but from 1878 his catalogues gave the Solomon Islands, and that origin was repeated without corroboration ever since; the one field record Hay could find in 1988 was a juvenile from open country at Hapan on Buka Island, labelled Caladium, ""a very optimistic connection at best"".⁴ ⁵ The first wild-collected specimens are two juveniles gathered in 2013 by the National Museum of Natural Science, Taiwan, with the Solomon Islands forestry ministry, in the New Georgia group of Western Province: Hsu et al. SITW03642, beside a stream near Zaira village on Vangunu Island, and Yang et al. SITW01542, in forest at Sanapro village on Vella Lavella Island (TNM), both at very low elevation and both with the pink venation and incipient combs of upturned prickles of the species.⁵ A plant photographed by Patrick Blanc at Tenaru Falls on Guadalcanal in 2019 has the combed prickles but grows as a solitary-leaved forest-understorey plant, and may be something new.⁵ Herbarium records otherwise come from botanic gardens on four continents.⁶","Gigantic suckering herb to c. 3 m tall, usually with one crown strongly dominant but eventually forming a clump of large crowns. Leaves several together, hastate to sagittate; petioles to 2.5 m long, irregularly and obliquely mottled white, green, brown and pink, heavily armed with the spines coalescing into oblique combs; costae bright pink in young plants, later the blades blotched reddish brown beneath and the costae green to brown; posterior lobes somewhat exceeding the anterior, to c. 70 cm long.⁴ Bogor plants measured by Alderwerelt had petioles 125–250 cm long, the prickles partly scattered and partly in obliquely transverse lines forming spiny crests, and blades green with a red-brown margin and minute carmine dots beneath.⁷","Peduncle similar to but shorter than the petioles. Spathe deeply and narrowly boat-shaped, 9 to c. 40 cm long, rather abruptly more deeply and narrowly concave in the upper portion, erect, dark purple outside, pale dirty yellowish green within; spadix 7–25 cm long, with a short free stipe, somewhat glaucous; flowers hexamerous; anthers exserted at male anthesis; ovary 1–2-ovulate. Fruit and seed were unknown to Hay in 1988;⁴ fruiting plants have since been photographed in the Singapore Botanic Gardens (February 2019) and at Tully in North Queensland: an immature fruiting spadix c. 15 cm long on a collapsed peduncle, with the almost black remnant of the spathe persisting, purple-black tepals between the berries, and the berries ripening from the tip of the spadix downwards and turning yellow.⁵","Lowland. The two 2013 collections are from a streamside and from forest at very low elevation, and the Buka juvenile from open country.⁴ ⁵ In cultivation the plant thrives as a helophyte in submerged mud: at Bogor it grew far better as an emergent aquatic than as a terrestrial plant, with petioles alone reaching 2.5 m, and Hay doubts that it is a forest-understorey plant at all.⁵ ⁷","Hay 1988 Fig. 3 (putative field locality, Buka).","Named by William Bull's nursery for a Johnston whose identity remains unknown: a search by Hay, David Mabberley and Lex Thomson in 2020 reached no conclusion.⁵ Masters printed the epithet ""johnsoni"" and Bull consistently ""johnstoni"", an orthographic error corrected to johnstonii under the Code, as Wittmack (1876) and Beccari (1885) already had it.⁵","1. Introduced to European cultivation by William Bull of King's Road, Chelsea, in 1875; exhibited as ""Alocasia johnstoni"" at the centenary exhibition of the Société Royale de Flore in Brussels in 1876, where Bull's new plants took the top gold medal, and again at Carlisle in 1877; first offered for sale in his catalogue of 1878; figured in colour by André in 1880, who suggested it might be a Lasia;⁸ and first flowered at the Compagnie Continentale d'Horticulture in Ghent in 1882, when Brown, who had suspected a Cyrtosperma from the leaves sent to Kew in 1878, received the bloom on 11 December and published the new combination twelve days later.² ⁵ Beccari's Cyrtosperma johnstonii of 1885 is an isonym.⁵ Brown published the species again with a plate and description in the Botanical Magazine in 1914, calling it the only Cyrtosperma then in cultivation.⁹
2. Phenotypically very variable with age and treatment: young plants show the brilliant pink costae, well-grown ones the dark blotching beneath, and an established clump carries the whole range of inflorescence sizes at once among crowns of different sizes.⁴
3. Diploid, 2n = 26.¹⁰ The inflorescences are protogynous and self-sterile, and plants bearing several at once fail to set seed, so Hay concluded in 1988 that the species is either sterile or physiologically self-sterile and that all cultivated plants are probably a single clone.⁴ In 2020 he showed that it does fruit, at Singapore and at Tully; that the diploid count rules out a sterile triploid, though not in principle a sterile diploid hybrid; and that its now-known wild occurrence makes sterility unlikely. Each bloom is mechanically self-incompatible, since pollen is shed only after all the stigmas have ceased to be receptive, and the rarity of fruit even where several blooms are open together suggests that the clonally identical cultivated plants are genetically self-incompatible as well.⁵
4. ""Widely distributed in living botanical collections, but too slow growing to be of much commercial horticultural interest"" was Hay's verdict in 1988;⁴ it is now a sought-after collectors' plant and most iNaturalist records are of cultivated specimens.³
5. A traditional medicine in Thailand; its flavonoid glycosides, rutin and isorhamnetin-3-O-rutinoside, and their hydrolysis products show antioxidant, antiproliferative and anti-inflammatory activity in vitro.¹¹
6. Hay (2020) counts at least three species in the Solomons archipelago, C. johnstonii, C. bougainvillense and C. merkusii, the last both as prickly wild plants and as gigantic, more or less unarmed edible forms, and two single-island endemics in the Louisiades, and expects more island endemics to turn up in the western Pacific.⁵","1. Plants of the World Online, Royal Botanic Gardens, Kew — Cyrtosperma johnstonii. https://powo.science.kew.org/taxon/urn:lsid:ipni.org:names:86822-1
2. Brown, N.E. 1882. Cyrtosperma Johnstoni, N.E.Br. Gardeners' Chronicle n.s. 18: 808 — protologue of the combination. https://archive.org/details/gardenerschronic18lond
3. iNaturalist: Cyrtosperma johnstonii. https://www.inaturalist.org/taxa/344195
4. Hay, A. 1988. Cyrtosperma (Araceae) and its Old World allies. Blumea 33: 427–469. https://repository.naturalis.nl/pub/526134
5. Hay, A. 2020. Notes on the typification, origin, and fertility of Cyrtosperma johnstonii (Araceae–Lasioideae). Aroideana 43(3–4): 108–117.
6. GBIF occurrence download for Cyrtosperma, 2026-09-05 (60 records). https://www.gbif.org/species/2871907
7. Alderwerelt van Rosenburgh, C.R.W.K. van. 1920. New or noteworthy Malayan Araceae II. Bulletin du Jardin Botanique de Buitenzorg sér. 3, 1: 373. https://archive.org/details/bulletindelinsti20kebu
8. André, E. 1880. Alocasia Johnstoni. L'Illustration Horticole 27: 133–134, Pl. CCCXCV. https://www.biodiversitylibrary.org/page/15949217
9. Brown, N.E. 1914. Cyrtosperma Johnstoni. Curtis's Botanical Magazine ser. 4, 10: t. 8567. https://www.biodiversitylibrary.org/page/476776
10. Marchant, C.J. 1973. Chromosome variation in Araceae 5. Acoreae to Lasieae. Kew Bulletin 28: 199–210.
11. Naksuriya, O. et al. 2022. Hydrolyzed flavonoids from Cyrtosperma johnstonii with superior antioxidant, antiproliferative and anti-inflammatory activity. Molecules 27: 3226. https://doi.org/10.3390/molecules27103226
12. [Moore, T. & Masters, M.T.] 1876. The Brussels exhibition. Gardeners' Chronicle n.s. 5: 603 — basionym. https://archive.org/details/gardenerschronic51876lond",none,1608
Cyrtosperma macrotum,CYRTOSPERMA MACROTUM,Becc. ex Engl.,"Cyrtosperma, Oceania, New Guinea, Indonesia, Papua, West Papua, Papua New Guinea, Morobe, Madang, Milne Bay, Western Province","hero from inat/macrotum (wild plants, Indonesian Papua); plates: Beccari 1882 Malesia Tav. XXIV figs 1–6, Hay 1988 Fig. 12; type sheets K000291749 (Versteeg 1108), L 0041897, L 0041898","Cyrtosperma macrotum Becc. ex Engl., published in Bullettino della R. Società Toscana di Orticultura 4: 295 (1879), as ""macrota"".
Type: Beccari P.P. 619, West Papua, Andai (lectotype FI, chosen by Hay 1988). The protologue also cited Beccari's Batanta plant, which Hay made the holotype of C. beccarianum, and a D'Albertis gathering from the Fly River that mixes a leaf of this species with an inflorescence of Lasia spinosa.⁴ Beccari redescribed the plant in Malesia in 1882 with figures of the flower, tepals, pistil, fruit and seed.⁵ ⚠ The 1879 Bullettino page itself is not on BHL or Internet Archive and has not been seen for this page.",N/A,"Cyrtosperma syapense Alderw., Bull. Jard. Bot. Buitenzorg sér. 3, 1: 374 (1920) (type a Bogor plant from Mount Syap, BO); Cyrtosperma subulispathum Alderw., l.c. 375 (type Versteeg 1108, Lorentz River, L); Cyrtosperma hastatum Alderw., l.c. 375 and Cyrtosperma consobrinum Alderw., l.c. 375, both placed here tentatively by Hay on their descriptions; Cyrtosperma janowskyi K.Krause, Nova Guinea 14: 216 (1924) (type Janowsky 489, Kurudu Island, L)",N/A,New Guinea: New Guinea.¹,"New Guinea with the Aru Islands and the d'Entrecasteaux group (Normanby and Fergusson), in three disjunct areas: Morobe and Madang Provinces; Milne Bay Province; and the southern side and western tip of Indonesian New Guinea together with Western Province, Papua New Guinea.⁴ Herbarium records run from 7 to 1,100 m, most below 200 m.⁶","Moderately robust herb to 1.3 m tall; rhizome plagiotropic or very short, to 6 cm in diameter. Leaves 3 to several, hastate to sagittate; petioles divergent from the base, prickly, mottled or not; blades to c. 90 cm long and c. 50 cm wide, usually less, held horizontally or with the posterior lobes down, more or less coriaceous, armed beneath, sometimes heavily, and sometimes on the margins, often with all the blades facing the same way; primary and secondary venation, sometimes very, prominent beneath; costae of the anterior lobe curvinerved to pinnately arranged; posterior lobes markedly exceeding the anterior, asymmetrically ovate to broadly lanceolate, naked in the sinus for up to c. 5 cm.⁴","Inflorescence solitary, occasionally two in succession, on peduncles similar to and slightly exceeding the petioles. Spathe narrowly lanceolate, to c. 15 cm long and 3 cm wide when flattened, occasionally spiny at the base and along the midline outside, white to yellowish green, brown or purple, its insertion shallowly cup-like or with the margins deflected or shortly decurrent on the peduncle; spadix c. 6–12 cm long and c. 5 mm wide in flower, pale yellow to green, free-stipitate, adnate-stipitate or sessile. Flowers hexamerous or tetramerous or mixed, then sometimes with some pentamerous; ovule solitary, more or less basal; anthers not exserted from the tepals at male anthesis. Fruit sessile, ovoid, orange; seed with a smooth testa, campylotropous, asymmetrical in side view.⁴ The spadix turns to the horizontal as the fruit develops.⁴","Lowland swamp forest, lowland rainforest and lower montane forest; 7–1,100 m, mostly below 200 m.⁴ ⁶",Hay 1988 Fig. 11.,"From the Greek makros, long, and ous, otos, ear: the long posterior lobes of the leaf, the ""ears"" of a sagittate blade. Beccari's name was published as macrota.","1. Highly variable, with complex patterns. Morobe and Madang plants have coriaceous leaves, free-stipitate spadices, hexamerous flowers and a cup-like spathe base; Milne Bay plants have more membranous leaves, spadices with the stipe adnate to the spathe, at least some tetramerous flowers and a spathe shortly decurrent on the peduncle. In the western and southern populations these characters vary independently, so Hay declined to recognise the two eastern entities formally and suggested they are relics of a once continuous lowland species fragmented by Pleistocene drying.⁴
2. The name has a tangled history. Engler published it from Beccari's manuscript in a Florentine horticultural bulletin; Beccari's Batanta plant, cited with it, proved to be a different species; and Alderwerelt's C. hastatum was described with confused citations of von Römer's numbers that Hay could not reconcile.⁴
3. Alderwerelt's C. syapense, described from a young Bogor plant that flowered and fruited in January 1919, had a petiole 25–50 cm long, copiously but not densely prickly and dark green with irregular transverse streaks below, a spathe 10–12 by 3–3.5 cm, pale dirty yellow inside with pale green veins, a yellowish spadix 5–7.5 cm long, tetramerous flowers, and obovoid berries red below and green above.⁷
4. Cyrtosperma prasinispathum was separated from this species in 2024 on its unarmed leaf underside, oblanceolate posterior lobes, elliptic anterior lobe, deflected spathe with an entire margin, leek-green spathe and consistently tetramerous flowers; the two share the Bird's Head region.⁸
5. Type material of C. subulispathum (Versteeg 1108) is imaged at Kew and of C. janowskyi (Janowsky 489) at Leiden.⁶","1. Plants of the World Online, Royal Botanic Gardens, Kew — Cyrtosperma macrotum. https://powo.science.kew.org/taxon/urn:lsid:ipni.org:names:86824-1
2. Engler, A. in Beccari, O. 1879. Bullettino della R. Società Toscana di Orticultura 4: 295 — protologue.
3. iNaturalist: Cyrtosperma macrotum. https://www.inaturalist.org/taxa/937774
4. Hay, A. 1988. Cyrtosperma (Araceae) and its Old World allies. Blumea 33: 427–469. https://repository.naturalis.nl/pub/526134
5. Beccari, O. 1882. Malesia 1: 279–280, Tav. XXIV; 303. https://archive.org/details/malesiaracco118771883becc
6. GBIF occurrence download for Cyrtosperma, 2026-09-05 (167 records). https://www.gbif.org/species/2871909
7. Alderwerelt van Rosenburgh, C.R.W.K. van. 1920. New or noteworthy Malayan Araceae II. Bulletin du Jardin Botanique de Buitenzorg sér. 3, 1: 374–375. https://archive.org/details/bulletindelinsti20kebu
8. Hariri, M.R., Irsyam, A.S.D., Ariati, S.R., Raynalta, E., Setyanti, D. & Supriyatna, I. 2024. Cyrtosperma prasinispathum: a new fascinating Aroid species from Papua, Indonesia. Webbia 79(2): 291–294. https://doi.org/10.36253/jopt-16076
9. Engler, A. 1910. Araceae. Nova Guinea 8(1): 249. https://archive.org/details/novaguinearsul81lore
10. Engler, A. 1911. Araceae-Lasioideae. Das Pflanzenreich IV.23C: 22. https://archive.org/details/daspflanzenreich48engluoft",PROTOLOGUE,1004
Cyrtosperma cuspidispathum,CYRTOSPERMA CUSPIDISPATHUM,Alderw.,"Cyrtosperma, Oceania, New Guinea, Indonesia, Papua, Papua New Guinea, Sandaun, East Sepik, Madang, Western Province, Southern Highlands, Gulf Province","hero from inat/cuspidispathum (wild plants, Indonesian Papua, with the dangling twisted spathe tip); plates: Hay 1988 Figs 7a–7b; type sheet L 0041893 (Gjellerup 63)","Cyrtosperma cuspidispathum Alderw., published in Bulletin du Jardin Botanique de Buitenzorg sér. 3, 1: 374 (1920), in ""New or noteworthy Malayan Araceae II"".
Type: Gjellerup 63, Papua, Eta River, upper Tami, 2 April 1910, ""shady clayey river side; alt. 85 m"" (holotype B, not seen by Hay; isotype L).
Translated from protologue: Petiole about 75 cm long, dark olive- and purple-flamed, sparsely and shortly prickly; blade hastate or sagittate-hastate, about 50 cm long, the anterior lobe oblong, about 20 by 7 cm, abruptly and slenderly beaked at the tip rather than acuminate, the posterior lobes obliquely sublanceolate, about 30 by 10 cm, parted by a right-angled sinus, the posterior costae slightly decurved, bare in the sinus for 0.5–1 cm, unarmed beneath. Peduncle about 85 cm, sparsely prickly below and rather copiously so towards the top. Spathe about 35 cm long, dark violet, sparsely veined, the lower part long-oblong, about 18 by 4 cm, abruptly narrowed into a linear cusp, sharply subulate towards the tip and about as long as the lower part. Spadix stipitate, the stipe about 1 cm, cylindric, about 7.5 cm long and 6 mm thick, greenish white; tepals and stamens six; ovaries cylindric, flattened at the base, rounded and truncate at the apex, one-ovulate.² Alderwerelt added that the New Guinea plants Engler had determined as C. merkusii belong to three species, this one, C. subulispathum and C. hastatum.²",N/A,"N/A. Engler's New Guinea records of Cyrtosperma merkusii and C. edule (1879, 1911) and Krause & Alderwerelt's C. macrotum (1924, as to specimens cited) belong here in part.⁴",N/A,New Guinea: New Guinea.¹,"Indonesian Papua (Jayapura: Eta River) and Papua New Guinea in Sandaun (West Sepik), East Sepik, Madang, Western, Southern Highlands and Gulf Provinces.⁴ Herbarium records span 24 to about 760 m, median c. 300 m.⁵","Moderately robust to gigantic, solitary or rarely suckering herb to c. 4 m tall; rhizome creeping, subterranean, up to 13 cm in diameter but very short because the older parts rot quickly. Leaves 2 to several; petiole brown, green, or mottled in combinations of these with white; armature sparse to dense, the spines, at least in the lower parts of the petioles and peduncles, small, squat, abruptly upturned and easily dislodged; petioles standing subparallel, not distinctly diverging from the base; blade hastate or sagittate, to 1.3 m long, in smaller plants often with the lobes much narrower than long, held with the posterior lobes down and the anterior lobe up, somewhat flaccid, unarmed.⁴","Peduncle somewhat shorter than the petioles. Spathe 17 to c. 100 cm long, clasping in the lower quarter, ovate-lanceolate, in smaller plants erect, with increasing size the apical acuminate portion somewhat reflexed to greatly elongated, spirally twisted and dangling, purple-brown, usually with yellow veins outside and with pale pink to cream streaks towards the midline within; spadix to 18 cm long in flower, with a free, sometimes armed stipe 2–6 cm long. Flowers hexamerous; anthers not exceeding the tepals at male anthesis; stigmas more or less sessile, white turning brown; ovaries predominantly uniovulate, rarely biovulate. Fruit when ripe expelled from the spadix and held there by the stripped-away adaxial epidermis of the tepals. Seed slightly and irregularly ridged.⁴","Lowland rainforest undergrowth and regrowth, predominantly on alluvial soils; one collection from lower montane forest on limestone at 500–600 m.⁴ In the Gogol Valley plants in logged regrowth reached the maximum size recorded for the species seven years after clearing, and seedlings establish in one-year-old regrowth.⁴",Hay 1988 Fig. 8.,"From the Latin cuspis, a point, and spatha: the spathe drawn out into a long, tapering cusp.","1. One of the giants of the genus, with C. giganteum and C. timikense; Hay & Imran (2020) compare their C. timikense with this species, which it most resembles.⁶
2. Flowering is protogynous. The stigmas become receptive shortly after the spathe unrolls, in a rapid basipetal sequence over about two days, and remain receptive for about three weeks, each bearing a drop of nectar, unless pollination has occurred. Pollen is released only after the stigmas have ceased; the anthers open by apical pore-like slits and extrude the pollen in coherent rope-like masses, all the anthers of a flower together and in a slow basipetal sequence lasting several weeks along the spadix, the larger the inflorescence the longer the anthesis.⁴
3. Once the nectariferous stigmas stop there is no reward but pollen. Weevils, Trochorhopalus strangulatus, a species ranging from the Indian to the Pacific Ocean, feed on the tissue inside the base of the spathe. The inflorescence emits a faint musty, fruity odour day and night before, during and shortly after anthesis.⁴
4. As the inflorescence becomes an infructescence the geniculus at the top of the peduncle turns the spadix from pointing vertically up to pointing vertically down.⁴
5. Ripe fruits are pushed out of the spadix, presumably by the pressure of their own growth, and dangle from it by the inner epidermis of the tepals, which is stripped away as they emerge; they recall arillate seeds hanging by their funicles. In most Cyrtosperma the fruits stay attached until removed or until the spadix disintegrates; the mechanism is otherwise familiar in Anthurium.⁴
6. The New Guinea specimens Engler cited under C. merkusii and C. edule were not located by Hay and may have been destroyed in Berlin, but from their localities they are almost certainly this species; Engler's Pflanzenreich fig. 6, captioned C. edule, is clearly this plant.⁴
7. In cultivation at Lae the rhizomes suckered into large clumps, which Hay did not see in the wild.⁴ Indonesian growers now cultivate it, and it appears among iNaturalist records as garden plants.³","1. Plants of the World Online, Royal Botanic Gardens, Kew — Cyrtosperma cuspidispathum. https://powo.science.kew.org/taxon/urn:lsid:ipni.org:names:86814-1
2. Alderwerelt van Rosenburgh, C.R.W.K. van. 1920. New or noteworthy Malayan Araceae II. Bulletin du Jardin Botanique de Buitenzorg sér. 3, 1: 374 — protologue. https://archive.org/details/bulletindelinsti20kebu
3. iNaturalist: Cyrtosperma cuspidispathum. https://www.inaturalist.org/taxa/937779
4. Hay, A. 1988. Cyrtosperma (Araceae) and its Old World allies. Blumea 33: 427–469. https://repository.naturalis.nl/pub/526134
5. GBIF occurrence download for Cyrtosperma, 2026-09-05 (59 records). https://www.gbif.org/species/2871916
6. Hay, A. & Imran. 2020. A third enormous New Guinea lasioid — Cyrtosperma timikense, a new species from southern Papua Province, Indonesia. Aroideana 43(3–4): 97–107.
7. Krause, K. & Alderwerelt van Rosenburgh, C.R.W.K. van. 1924. Nova Guinea 14: 215.
8. Engler, A. 1911. Araceae-Lasioideae. Das Pflanzenreich IV.23C: 17–20, fig. 6. https://archive.org/details/daspflanzenreich48engluoft",none,1129
Cyrtosperma giganteum,CYRTOSPERMA GIGANTEUM,Engl.,"Cyrtosperma, Oceania, New Guinea, Indonesia, Papua, Papua New Guinea, Western Province","hero from inat/giganteum (three observations, 2025–2026, one wild); the first published photographs of the living plant are Imran's four figures in Hay & Imran 2020 (Aroideana 43(3–4), on the Drive); no type image online (BO); Hay 1988 Fig. 3 map","Cyrtosperma giganteum Engl., published in Nova Guinea 8(1): 249 (1910), in Engler & Krause's Araceae of the Lorentz expedition.
Type: Versteeg 1818, Papua, Noord (Lorentz) River, flowering October 1907 (lectotype BO, chosen by Hay 1988); Versteeg 1141, May 1907 (BO, L), is the other original gathering, and Engler also cited von Römer 193 of 1909, which has not been located.⁴ ⁶
Translated from protologue: Leaf with petiole to 2.5 m long, the adult blade coriaceous, ovate-sagittate, the anterior lobe to about 75 cm long and 70 cm wide at the base, obtuse or apiculate at the apex, the posterior lobes to 1 m or more long and 50 cm wide, bent back, subacute, separated by a deep acute sinus, with about eight distant primary lateral nerves joined into a marginal collective vein, the posterior costae bare in the sinus for about 10 cm. Peduncle to 4.5 cm in diameter, smooth. Spathe ovate-lanceolate with a long acumen, reddish brown, convolute below, about 8 cm across and about 35 cm or more long; spadix dark rose, stipitate for 2 cm, 21 cm long and about 4 cm thick. Stamens 4–5, 3 mm long, on filaments up to 1 mm. Pistil 4 mm long, the ovary with several ovules. Perianth of 4–5 tepals 3.5 mm long. Fruiting spadix to 36 cm long and 9 cm thick. Berries ellipsoid, green, 1.5 cm long and 6 mm thick. Seeds several.²",N/A,N/A,N/A,New Guinea: New Guinea.¹,"Indonesia, Papua Province, in the Mimika and Asmat Regencies of the southern lowlands.⁶ First collected in 1907 by G.M. Versteeg and again in 1909 by L.S.A.M. von Römer on the Noord River, renamed the Lorentz in 1910 and now the Unir of the Asmat people; Hay knew it only from those gatherings.⁴ There was then no scientific record for over ninety years, until R.J. Johns collected it in 1999 and 2000 on the Freeport concession in the Mimika Regency (Johns 9831 and 10638, K), an encounter published only as the habit photograph that illustrates the genus on POWO, and Imran photographed it near Timika in 2020.⁶ GBIF also lists specimens from Western Province, Papua New Guinea, which Hay & Imran do not cite.⁵","Massive pachycaul rhizomatous evergreen herb 3–4 m tall; rhizome dense, more or less without internodes, c. 40 cm thick with the leaf-base remains. Leaves several together; petioles stout, somewhat spreading, plain green, 1.3–2 m long and c. 12 cm thick towards the base, with crowded to scattered small prickles at the base and increasingly scattered prickles above, sheathing in the lower sixth or so, somewhat channelled above, filled with air cavities to 1 cm across, geniculate for several centimetres at the apex; blade ovate-sagittate, held more or less vertical with the posterior lobes down, somewhat irregularly wrinkled and bullate between the primary veins, to c. 2.25 m long by c. 1.2 m wide at the petiole insertion and somewhat wider behind it; anterior and posterior lobes about equal or the posterior somewhat longer; the costae massive, to 3 cm thick at the base, impressed above and very prominent beneath, the anterior costa with c. 10 robust primary lateral veins, the posterior costae diverging at 40–60° and naked in the sinus for c. 10 cm; posterior lobes with their outer sides overlapping each other; finer venation reticulate.⁶ Engler's description, from herbarium material, gave the petiole to 2.5 m, the coriaceous blade with the anterior lobe to about 75 by 70 cm and the posterior lobes to 1 m or more long, and Hay added that the blade and upper petiole are unarmed and the lower petiole armed with scattered straight spines.² ⁴","Blooms solitary, but up to three or more in close succession, each separated by a foliage leaf; peduncle much shorter than the petioles, c. 50 cm long and 4.5 cm thick, unarmed or with a few scattered prickles, tinged brown, larger and plain green in fruit, inconspicuously geniculate near the apex. Spathe more or less canoe-shaped, erect, 35–50 cm long, convolute in the lower c. 8 cm, narrowed and acuminate in the upper third, greenish brown at the base and then burgundy-red to yellowish brown outside, cream to yellow with faintly purple-suffused streaks within. Spadix on a 2 cm stipe, stout, tapering-cylindric, 21–30 cm long and 4–5.5 cm thick below, blunt, dull brownish pink; florets bisexual, extremely numerous (over 2,000 to a spadix), rhomboid to hexagonal from above, c. 3 mm across; tepals 4–6, free, c. 3.5 mm long; stamens 4–6 with free filaments c. 1 mm long, the anthers partly exserted at male anthesis; pistil c. 4 mm, the stigma button-like and more or less sessile, the ovary unilocular with several ovules. Infructescence massive, deflected by the genicular zone near the top of the peduncle and accompanied by the marcescent spathe, the fruiting spadix 36–45 cm long and 9–11 cm thick; berries ellipsoid, c. 1.5 by 0.6 cm, their more or less pointed tips protruding from the tepals, dark green ripening yellow, with 1–5 seeds; seeds reniform, longitudinally crested, 5–6 mm long.⁶ Hay counted some 1,300 fruits on a preserved infructescence, by far the largest in the genus, and found the seeds crested like those of C. merkusii.⁴","Open swampy areas with scattered sago palms (Metroxylon) and Campnosperma, and disturbed swamp forest with Campnosperma, Nauclea and Pandanus, at very low elevation, 10–15 m.⁵ ⁶",Hay 1988 Fig. 3.,"Latin giganteus, gigantic: the leaves and infructescence are the largest in the genus.","1. Its 4–6-merous flowers, pluriovulate ovary and multi-seeded berries are unique in Cyrtosperma and led Engler to ally it with the African Lasiomorpha senegalensis; the marcescent spathe, the geniculate petiole and peduncle and the free filaments place it in Cyrtosperma proper, and the exserted anthers and crested seeds put it, tentatively, in the Merkusii group.⁴ ⁶
2. Named by Engler in Engler & Krause's account of the Araceae of the Lorentz expedition, from Versteeg's collections; the type locality's river has carried three names, Noord, Lorentz and Unir.² ⁶
3. Hay & Imran (2020) gave the first illustrations of the living plant, photographed by Imran near Timika, with an updated description a hundred and ten years after the protologue. They set it beside C. cuspidispathum as one of the two most gigantic New Guinea aroids, and in a note added in proof announced a third, C. timikense, described later in the same issue.⁶ ⁷
4. The ripe berries protrude from the tepals but are not expelled; the ""anthuriocarp"", in which the expelled fruits hang from the spadix by the stripped inner epidermis of the tepals, is known in the genus only in C. cuspidispathum and, from Imran's observations near Timika, in C. hambalii.⁶
5. Now in cultivation: iNaturalist records from 2025 and 2026 include garden plants.³","1. Plants of the World Online, Royal Botanic Gardens, Kew — Cyrtosperma giganteum. https://powo.science.kew.org/taxon/urn:lsid:ipni.org:names:86818-1
2. Engler, A. 1910. Araceae. Nova Guinea 8(1): 249 — protologue. https://archive.org/details/novaguinearsul81lore
3. iNaturalist: Cyrtosperma giganteum. https://www.inaturalist.org/taxa/937778
4. Hay, A. 1988. Cyrtosperma (Araceae) and its Old World allies. Blumea 33: 427–469. https://repository.naturalis.nl/pub/526134
5. GBIF occurrence download for Cyrtosperma, 2026-09-05 (17 records). https://www.gbif.org/species/2871904
6. Hay, A. & Imran. 2020. Cyrtosperma giganteum Engl. (Araceae–Lasioideae) found again in Papua Province, Indonesia. Aroideana 43(3–4): 4–11.
7. Hay, A. & Imran. 2020. A third enormous New Guinea lasioid — Cyrtosperma timikense, a new species from southern Papua Province, Indonesia. Aroideana 43(3–4): 97–107.
8. Engler, A. 1911. Araceae-Lasioideae. Das Pflanzenreich IV.23C: 17. https://archive.org/details/daspflanzenreich48engluoft",none,1312
Cyrtosperma beccarianum,CYRTOSPERMA BECCARIANUM,A.Hay,"Cyrtosperma, Oceania, New Guinea, Indonesia, Papua, West Papua, Papua New Guinea, Western Province","no photograph of a living plant in the pack; Hay 1988 Fig. 13 (habit and flowers, from van Royen 4792) is the only illustration; type at FI, not imaged","Cyrtosperma beccarianum A.Hay, published in Blumea 33: 455 (1988), with Fig. 13.
Type: Beccari P.P. s.n., West Papua, Batanta, July 1875 (holotype FI), the specimen Engler had cited in 1879 under C. macrotum. Hay's diagnosis: differs from C. macrotum in the erect posterior lobes of the leaf and the more or less flat, ovate spathe.²",N/A,"N/A. Cyrtosperma macrotum Becc. ex Engl. (1879) pro parte, as to the Batanta specimen.²",N/A,New Guinea: New Guinea.¹,"South-west and west New Guinea: Batanta and Ramoi in the Bird's Head region, the Lorentz and Digul Rivers and the Merauke area in southern Papua, and the Fly and Palmer Rivers, Kiunga and Lake Murray in Western Province, Papua New Guinea.² Records from 24 to 210 m.⁴","Feeble to moderately robust herb 40–150 cm tall. Leaves 3–7; sheath papery, fibrous, about a quarter the length of the petiole; petiole sparsely armed to unarmed, rarely rather densely spiny; blade variable, held with the anterior lobe down and the posterior lobes up, usually sagittate; anterior lobe triangular, c. 10 cm long and 8 cm wide at the base; posterior lobes lanceolate, c. 25 cm long and 7.5 cm wide at the midpoint, their midribs naked in the angle of the sinus for up to 4 cm, the sinus 30–100 degrees.²","Peduncle subequalling to exceeding the petioles, mostly with sparser armature, like the petioles variously blotched and marbled green, brown, pink and white, or plain brown or green, often drying greyish. Spathe broadly to narrowly ovate, opening broadly boat-shaped to flat, white, pale pink or pale yellow, the tip acuminate, from 1.8 by 5 cm to 4.8 by 9 cm; spadix sessile, adnate to the spathe for c. 5 mm, 4 by 20 mm in flower and 1.5 by 6 cm in fruit, pale yellow. Flowers tetramerous; ovule solitary. Fruit orange, globose, protruding from the spadix as it swells. Seeds tightly curved, smooth.²","Low altitude, in streams and ditches and in the undergrowth of swamp forest and gallery forest, in shade; ecology and leaf form combine to make most individuals rheophytes.² 24–210 m.⁴",Hay 1988 Fig. 14.,"For Odoardo Beccari (1843–1920), the Florentine botanist and explorer of New Guinea who collected the type in 1875.","1. A member of the Macrotum group, distinguished from C. macrotum by the leaf held with the posterior lobes up and the anterior lobe down and by the broad, flat spathe.² Hariri et al. (2024) list it with C. macrotum, C. hayii and C. prasinispathum.⁵
2. The type story: Engler's protologue of C. macrotum cited ""Batanta, Beccari"" and ""Fly River, D'Albertis"". Hay found that Beccari 619, the plant actually described and figured in fruit, came from Andai, not Batanta; that the Batanta plant of July 1875 was a different species, which became the type of this one; and that the D'Albertis gathering is a leaf of C. macrotum with an inflorescence of Lasia spinosa.²
3. Small, tetramerous and pale-spathed, it is the species most likely to be confused with C. prasinispathum, whose authors compared their plant only with C. macrotum.⁵
4. ⚠ No photograph of a living plant was found in the sources pulled; the genus-level iNaturalist observations from Indonesian Papua may include it.³","1. Plants of the World Online, Royal Botanic Gardens, Kew — Cyrtosperma beccarianum. https://powo.science.kew.org/taxon/urn:lsid:ipni.org:names:935719-1
2. Hay, A. 1988. Cyrtosperma (Araceae) and its Old World allies. Blumea 33: 427–469 — protologue, p. 455. https://repository.naturalis.nl/pub/526134
3. iNaturalist: Cyrtosperma beccarianum. https://www.inaturalist.org/taxa/937782
4. GBIF occurrence download for Cyrtosperma, 2026-09-05 (31 records). https://www.gbif.org/species/2871902
5. Hariri, M.R. et al. 2024. Cyrtosperma prasinispathum: a new fascinating Aroid species from Papua, Indonesia. Webbia 79(2): 291–294. https://doi.org/10.36253/jopt-16076",NOTES,668
Cyrtosperma bougainvillense,CYRTOSPERMA BOUGAINVILLENSE,A.Hay,"Cyrtosperma, Oceania, Solomon Islands, Papua New Guinea, Bougainville","no photograph of a living plant in the pack; Hay 1988 Fig. 6 (leaf, spathe and peduncle, from Hay 2051); type sheets K000499251, K000499252, A 00025749, L 0041890","Cyrtosperma bougainvillense A.Hay, published in Blumea 33: 441 (1988), with Fig. 6.
Type: R. Schodde & L. Craven 3837, Papua New Guinea, North Solomons Province, Bougainville Island, Maide Gorge, lower southern slopes of the Lake Loloru crater, about 15 miles north of Buin, 14 August 1964 (holotype CANB; isotypes A, K, L, LAE). Hay's diagnosis: differs from C. merkusii in the more or less flat spathe, the twisted stony seed, the vermilion stigma and the glaucous spadix.²",N/A,N/A,N/A,Solomon Islands: Solomon Is. (Bougainville).¹,"Restricted to Bougainville: Panguna, Kieta, Kapikavi and Arawa. Locally abundant there yet unrecorded elsewhere in the Solomon chain; a fragmentary 1931 Waterhouse specimen from ""Iru (Mt. area), Siwai"" may belong here.² All records are from 1931–1967.⁴","Robust, usually solitary herb 1–2.4 m tall; rhizome often long and creeping. Leaves 2–5, sagittate; petioles prickly, green mottled with white; spines slender, without conspicuously broad bases, slightly curved, scattered or tending to short comb-like clusters; geniculus up to 14 cm long; sheath papery-fibrous, about a fifth the length of the petiole; posterior lobes 40–75 cm long and 20–30 cm wide, the tips not acuminate; anterior lobe 35–50 cm long and to c. 60 cm wide, with spreading costae.²","Peduncle to 2 m long, usually shorter than the petioles, prickly. Spathe blackish purple to almost white, broadly lanceolate, to 27 cm long and 6.5 cm wide, widely open to the base, somewhat deflected from the spadix and not shielding it from the side, the upper part sometimes falling forward over the spadix. Spadix stipitate for c. 6 mm, the insertion running c. 1 cm up the spathe; fertile part to 11.5 cm long and 1.6 cm wide in flower, purplish to glaucous-blue. Flowers hexamerous; anthers dirty yellow, exserted from the tepals at male anthesis; receptive stigmas bright scarlet; ovules one or two. Fruiting spadix becoming horizontal to pendulous, dark bluish to black. Fruit obpyramidal, c. 8 by 8 mm, orange, truncate at the apex. Seed tightly curved over on itself; seed coat very thick, stony, somewhat rough.²","Montane rainforest and regrowth in moist gullies at 600–2,000 m on the actively volcanic, copper-bearing island of Bougainville; possibly restricted to cupriferous soils.² Records at 610–884 m.⁴",Hay 1988 Fig. 3.,"Of Bougainville, the island to which it is confined.","1. The seed is distinctive: campylotropous like the rest of the genus, but with the micropylar and chalazal ends overlapping so that it is helical, and the funicle appears to enter through a hole in the side.² With the heavily ornamented seed coat and the exserted anthers it sits closest to the lowland C. merkusii.²
2. The bright scarlet receptive stigmas and glaucous-blue spadix are unique in the genus.²
3. Bougainville's history since the 1960s has left the species uncollected for decades, and no photograph of a living plant was found.⁴ ⚠","1. Plants of the World Online, Royal Botanic Gardens, Kew — Cyrtosperma bougainvillense. https://powo.science.kew.org/taxon/urn:lsid:ipni.org:names:935716-1
2. Hay, A. 1988. Cyrtosperma (Araceae) and its Old World allies. Blumea 33: 427–469 — protologue, p. 441. https://repository.naturalis.nl/pub/526134
3. iNaturalist: Cyrtosperma bougainvillense. https://www.inaturalist.org/taxa/937781
4. GBIF occurrence download for Cyrtosperma, 2026-09-05 (19 records). https://www.gbif.org/species/2871905",NOTES,581
Cyrtosperma brassii,CYRTOSPERMA BRASSII,A.Hay,"Cyrtosperma, Oceania, New Guinea, Papua New Guinea, Milne Bay","no photograph of a living plant in the pack; Hay 1988 Fig. 5 (from a plant cultivated at Lae); type sheets L 0041891, A 00025750","Cyrtosperma brassii A.Hay, published in Blumea 33: 439 (1988), with Fig. 5.
Type: L.J. Brass 28282, Papua New Guinea, Milne Bay Province, Rossel Island, Abaleti, 1 October 1956 (holotype L; isotypes A, LAE). Hay's diagnosis: differs from C. merkusii in the tetramerous flowers, the smooth seeds and the leaves that are rough to the touch when dried.²",N/A,N/A,N/A,New Guinea: New Guinea (Rossel Island).¹,"Confined to Rossel Island at the eastern end of the Louisiade Archipelago; besides the type, Brass 28251, NGF 27090 and a plant grown at Lae.² Records from 1956–1982, at 50 m.⁴","Robust herb to 2.5 m tall. Leaves 2 to several; petioles spreading out from the base, very prickly with small spines arranged in combs at least towards the base, mottled green and white; blade sagittate, to 120 cm long, held with the anterior lobe up and the posterior lobes down; costae of the anterior lobe pinnate, spreading; posterior lobes with the midribs naked in the sinus for c. 6 cm, to 30 cm wide at the widest point, with acuminate tips; both surfaces of the blade rough (asperous) in the dry state though not when fresh.²","Peduncle similar to but usually somewhat shorter than the petioles. Spathe ovate-lanceolate, to 18 cm long, remaining somewhat constricted above the level of the spadix apex after opening, boat-shaped, blackish purple, with parallel major venation and reticulate secondary venation; spadix with a c. 5 mm free, unarmed stipe, to c. 7 cm long, creamy yellow. Flowers tetramerous; ovaries 1(–2)-ovulate; anthers exserted from the tepals at male anthesis. Fruit ovoid, orange-red. Seed smooth, very faintly longitudinally ridged.²","Rainforest on Rossel Island, at low altitude.² ⁴",Hay 1988 Fig. 3.,"For Leonard J. Brass (1900–1971), the Australian botanist of the Archbold Expeditions who collected the type on the Fifth Archbold Expedition in 1956.","1. One of two Louisiade endemics, with C. gressittiorum on Sudest; both are tetramerous members of the Merkusii group, the group otherwise hexamerous.² With C. bougainvillense they are the closest relatives of the giant swamp taro, which bears on the question of where that crop came into cultivation.²
2. Grown at the Lae Botanic Gardens in the 1980s, from which Hay drew the figure.²
3. ⚠ No photograph of a living plant was found.","1. Plants of the World Online, Royal Botanic Gardens, Kew — Cyrtosperma brassii. https://powo.science.kew.org/taxon/urn:lsid:ipni.org:names:935715-1
2. Hay, A. 1988. Cyrtosperma (Araceae) and its Old World allies. Blumea 33: 427–469 — protologue, p. 439. https://repository.naturalis.nl/pub/526134
3. iNaturalist: Cyrtosperma brassii. https://www.inaturalist.org/taxa/937780
4. GBIF occurrence download for Cyrtosperma, 2026-09-05 (6 records). https://www.gbif.org/species/2871915",NOTES,487
Cyrtosperma carrii,CYRTOSPERMA CARRII,A.Hay,"Cyrtosperma, Oceania, New Guinea, Papua New Guinea, Central Province","hero from inat/carrii (two observations, one wild 2012, one cultivated 2025); Hay 1988 Fig. 10 (from the type); type sheets BM000958554, BM000958555, L 0041892","Cyrtosperma carrii A.Hay, published in Blumea 33: 450 (1988), with Fig. 10.
Type: C.E. Carr 12307, Papua New Guinea, Central Province, Koitaki, 15 March 1935 (holotype BM; isotypes L, LAE, SING). Hay's diagnosis: differs from all other species of Cyrtosperma in the very broadly ovate spathe convolute at the base and the conoid style.²",N/A,N/A,N/A,New Guinea: New Guinea.¹,"Central Province, Papua New Guinea: Koitaki, Mafulu, the vicinity of Musgrave, Manumu village and the headwaters of the Kemp Welch River; rare.² Records 1933–1961, at 240–1,250 m.⁴","Herb to 55 cm tall. Leaves several, hastate, armed on the petiole and on the underside and margins of the blade; petioles to 50 cm long with a sheath 11 cm long; blade to 40 cm long, coriaceous; spines sparse, straight to very slightly curved, to 5 mm long; anterior lobe oblong, gradually acuminate, subequalling the posterior lobes; two anterior costae emerging near the sinus, curvinerved, running to the margin near the tip; posterior lobes broadly lanceolate, their midribs naked in the sinus for c. 3 cm.²","Spathe broadly ovate, clasping in the lower fifth, c. 12 cm long and to 8 cm wide when flattened, deep reddish brown with yellow, widely reticulate venation that persists as a skeleton around the fruiting spadix; spadix with a 4 mm stipe adnate to the spathe, the fertile part c. 2.5 cm long and 5 mm wide. Flowers tetramerous; anthers exserted from the tepals at male anthesis (Hay wrote in 1988 that they were not, from limited herbarium material, and corrected this from living plants in 2001); stigmas raised 1–2 mm on the conical apex of the ovary. Fruit ovoid, capped by the style and stigma. Seed smooth.²",Lowland and lower montane rainforest undergrowth at 200–700 m.²,Hay 1988 Fig. 11.,"For Cedric Errol Carr (1892–1936), the New Zealand-born orchid collector who gathered the type in 1935 and died of blackwater fever in Port Moresby the following year.²","1. The sole member of Hay's Carrii group: lower spathe convolute, flowers tetramerous, style conical and persisting on the fruit.²
2. The net of yellow veins that remains as a skeleton around the fruiting spadix after the spathe tissue has gone is unique in the genus.²
3. ""Cyrtosperma carrii would seem to have horticultural potential"", Hay wrote in 1988;² a cultivated plant was recorded on iNaturalist in 2025.³
4. Dearden & Hay (2001) note that C. hambalii recalls this species in its dark spathe and exserted stamens, and record that the stamens of C. carrii are exserted at male anthesis, correcting the 1988 account.⁵","1. Plants of the World Online, Royal Botanic Gardens, Kew — Cyrtosperma carrii. https://powo.science.kew.org/taxon/urn:lsid:ipni.org:names:935718-1
2. Hay, A. 1988. Cyrtosperma (Araceae) and its Old World allies. Blumea 33: 427–469 — protologue, p. 450. https://repository.naturalis.nl/pub/526134
3. iNaturalist: Cyrtosperma carrii. https://www.inaturalist.org/taxa/430921
4. GBIF occurrence download for Cyrtosperma, 2026-09-05 (8 records). https://www.gbif.org/species/2871903
5. Dearden, A. & Hay, A. 2001. A new species of Cyrtosperma (Araceae) from West Papua. Aroideana 24: 102–104.",none,554
Cyrtosperma gressittiorum,CYRTOSPERMA GRESSITTIORUM,A.Hay,"Cyrtosperma, Oceania, New Guinea, Papua New Guinea, Milne Bay","no photograph of a living plant in the pack; Hay 1988 Fig. 4 (habit, leaf and flowers, from the type); type sheets L 0041894, A 00025751","Cyrtosperma gressittiorum A.Hay, published in Blumea 33: 439 (1988), as ""gressittorum"", with Fig. 4.
Type: L.J. Brass 28049, Papua New Guinea, Milne Bay Province, Sudest (Tagula) Island, Rambuso, 11 September 1956 (holotype L; isotype A). Hay's diagnosis: differs from all other species of Cyrtosperma in the hooded spathe.²",N/A,N/A,N/A,New Guinea: New Guinea (Sudest Island).¹,"Known only from the type gathering on Sudest (Tagula) Island in the Louisiade Archipelago, in rainforest on the crest of a ridge at 150 m.²","Herb to 70 cm tall. Petiole to 60 cm long, the sheath papery and c. 15 cm long, the spines sparse, straight, needle-like, to 3 mm long; petiole variegated green and white. Blade hastate-sagittate, sparsely armed below, c. 30 cm long; anterior lobe subequalling the posterior ones; posterior lobes slender, to 6 cm wide, their midribs naked in the sinus for c. 3 cm, the lesser venation somewhat prominent below; costae of the anterior lobe arising near the sinus, curvinerved, running to the margin near the tip.²","Peduncle similar to but exceeding the petiole, to 90 cm long. Spathe lanceolate, c. 7 cm long, hood-forming in the upper quarter, green, the major venation parallel and distant, the secondary venation reticulate; spadix orange, 4 cm long, with a 5 mm stipe adnate to the spathe. Flowers tetramerous; anthers exserted from the tepals at male anthesis and apparently retracting afterwards; stigmas hardly exceeding the tepals; ovule solitary. Fruit and seed unknown.²",Ridge-crest rainforest at 150 m.²,Hay 1988 Fig. 3.,"Commemorates the entomologist and biogeographer J. Linsley Gressitt and his wife Margaret, who died together in an air crash in China in April 1982; it was through Gressitt, at the Wau Ecology Institute, that Hay was first introduced to tropical vegetation. Hay spelt the epithet gressittorum; POWO and the World Checklist correct it to gressittiorum, the genitive plural for two people, and IPNI keeps the original spelling.² ¹","1. The hooded (cucullate) spathe is unique in the genus, and the only species with a green spathe and an orange spadix.²
2. The second Louisiade endemic, with C. brassii of Rossel Island; both are tetramerous members of the Merkusii group.²
3. Still known from the one collection of 1956 as far as the sources consulted show.⁴ ⚠","1. Plants of the World Online, Royal Botanic Gardens, Kew — Cyrtosperma gressittiorum. https://powo.science.kew.org/taxon/urn:lsid:ipni.org:names:935714-1
2. Hay, A. 1988. Cyrtosperma (Araceae) and its Old World allies. Blumea 33: 427–469 — protologue, p. 439. https://repository.naturalis.nl/pub/526134
3. iNaturalist: Cyrtosperma gressittiorum. https://www.inaturalist.org/taxa/937777
4. GBIF occurrence download for Cyrtosperma, 2026-09-05 (3 records). https://www.gbif.org/species/3604227",NOTES,486
Cyrtosperma kokodense,CYRTOSPERMA KOKODENSE,A.Hay,"Cyrtosperma, Oceania, New Guinea, Papua New Guinea, Oro, Central Province","no photograph of a living plant in the pack; Hay 1988 Fig. 9 (from NGF 23585 and Cheesman 3); type sheets L 0041895, L 0041896, G 00191357","Cyrtosperma kokodense A.Hay, published in Blumea 33: 447 (1988), with Fig. 9.
Type: C.E. Carr 16194, Papua New Guinea, Northern (Oro) Province, Kokoda, 22 March 1936 (holotype L; isotypes B, BM, CANB, SING). Hay's diagnosis: differs from C. cuspidispathum in the mostly straight spines, the armed blade, the spathe not convolute at the base and not long-acuminate at the apex.²",N/A,N/A,N/A,New Guinea: New Guinea.¹,"Northern (Oro) and Central Provinces, Papua New Guinea: Kokoda, the Kokoda Trail and Boridi village.² Records 1933–1973, at 350–1,190 m.⁴","Herb to 1.5 m tall. Blade markedly hastate to sagittate, c. 40–100 cm long in flowering plants; anterior lobe to 30 cm from tip to sinus; posterior lobes obliquely narrowly ovate, to c. 75 cm long, with rather fine and numerous costae diverging from the midribs at about 35 degrees. Petioles sometimes mottled; armature sparse, short, slender, to 4 mm long, straight to upcurved.²","Spathe to 25 cm long, lanceolate, to 2.5 cm wide, in the lower 5 cm the margins clasping the spadix but not overlapping, deflected in the middle part, spirally twisted in the upper part, the tip not or hardly acuminate, the whole purple, paler within and with yellowish streaks; spadix stipitate for 1 cm, 4.5–5.5 cm long and c. 6 mm wide in flower, cylindrical. Flowers hexamerous; anthers not exceeding the tepals at male anthesis; stigmas brown when dried, papillate; ovary 1(–2)-ovulate. Ripe fruit and seed unknown; Hay expected the fruits to be expelled from the spadix as in C. cuspidispathum.²",Rainforest undergrowth and stream sides at around 400 m.²,Hay 1988 Fig. 8.,"Of Kokoda, the type locality in Oro Province, at the northern end of the Kokoda Trail.","1. The second member of the Cuspidispathum group: stamens not exserted, spathe twisted above; it is the smaller plant with straight spines and an armed blade.²
2. Named from material gathered by C.E. Carr in 1936 and by Evelyn Cheesman, who also collected at Kokoda.²
3. ⚠ No photograph of a living plant was found; the Kokoda Trail is well walked and images may exist outside the sources searched.","1. Plants of the World Online, Royal Botanic Gardens, Kew — Cyrtosperma kokodense. https://powo.science.kew.org/taxon/urn:lsid:ipni.org:names:935717-1
2. Hay, A. 1988. Cyrtosperma (Araceae) and its Old World allies. Blumea 33: 427–469 — protologue, p. 447. https://repository.naturalis.nl/pub/526134
3. iNaturalist: Cyrtosperma kokodense. https://www.inaturalist.org/taxa/937775
4. GBIF occurrence download for Cyrtosperma, 2026-09-05 (11 records). https://www.gbif.org/species/2871918",NOTES,462
Cyrtosperma hambalii,CYRTOSPERMA HAMBALII,A.Dearden & A.Hay,"Cyrtosperma, Oceania, New Guinea, Indonesia, Papua, West Papua","hero from inat/hambalii (six wild observations from Indonesian Papua, 2023–2026, four research grade); the protologue's two photographs (flowering plant with the ""rabbit's ears"" leaves; inflorescence) are in Aroideana 24 on the Drive; no type image online","Cyrtosperma hambalii A.Dearden & A.Hay, published in Aroideana 24: 102–104 (2001), ""A new species of Cyrtosperma (Araceae) from West Papua"", with two photographs.
Type: A. Hay & A. Dearden s.n., 12 May 2001, cultivated at Redlynch, Cairns, Queensland, from a plant brought into the Freeport nursery at Timika from the vicinity of Timika, West Papua (original collection G.G. Hambali s.n.) (holotype NSW).²
Diagnosis, translated from the Latin: differs from C. beccarianum in the shorter petiole, the very long spathe and the exserted stamens; from C. cuspidispathum in the much smaller plant, the shorter petiole, the very small anterior lobe of the leaf, the wholly erect spathe, the much shorter spadix and the exserted stamens.²
From the protologue: Rhizomatous herb to c. 1 m tall. Stem condensed, subterranean. Leaves c. 4 bunched together; petiole erect, short, about half the length of the blade, c. 17 cm long, geniculate in the apical 1 cm, unarmed, dark olive brown at the base, mid green at the apex and olive green mottled olive brown between, sheathing in the lower third; blade sagittate, held with the posterior lobes erect and the anterior lobe pointing obliquely down, c. 32 cm long; anterior lobe much shorter than the posterior, narrowly triangular, 8 cm long and c. 2.5 cm wide where it meets the posterior lobes; posterior lobes rather narrowly elliptic, c. 23 by 7 cm, acuminate for 2 cm; costae very prominent beneath and impressed above, the anterior costa without primary veins and running sharply to the leaf tip, the posterior costae naked in the sinus for 5–8 mm with 5 or 6 primary lateral veins on each side diverging at c. 30°; finer venation a loose reticulum. Inflorescence solitary; peduncle much exceeding the petioles, 47 cm long, armed with scattered straight prickles, increasingly concentrated upwards, only in the distal 12 cm. Spathe erect, unarmed, with a prominent central ridge on the back, very long and slender, 53 cm long and 2.2 cm wide level with the spadix, then tapering, convolute at the base, the margins close together above, dark greenish brown with eight green vertical stripes outside and blackish within. Spadix much shorter than the spathe, cylindric, blunt, 6 by 0.8 cm, sessile; flowers hexamerous, c. 1.5 mm across; anthers exserted from the tepals at male anthesis. Fruit unknown.²",N/A,N/A,N/A,New Guinea: New Guinea (south-west).¹,"Endemic to New Guinea and, in the protologue, known only from the vicinity of Timika in southern West Papua, now the Mimika Regency of Central Papua Province.² iNaturalist records come from the Mimika lowlands and from Sorong at the western tip of the Bird's Head;³ the Sorong plants long grown at Bogor under this name proved to be C. prasinispathum, so the Sorong records deserve a check.⁵ Living plants are grown at the Bogor Botanic Gardens.⁵","A rhizomatous herb to about 1 m tall with a condensed underground stem and about four leaves bunched together. The petiole is unusually short, about half the length of the blade (c. 17 cm), unarmed, mottled olive, sheathing in its lower third and geniculate at the tip. The blade is sagittate, c. 32 cm long, and is held with the two narrowly elliptic posterior lobes (c. 23 by 7 cm) pointing up and the much reduced, narrowly triangular anterior lobe (8 by 2.5 cm) pointing obliquely down, which gives the plant its ""rabbit's ears"" look.² Plants near Timika have since been seen with ripe berries expelled from the florets and hanging on the spadix, the ""anthuriocarp"" otherwise known in the genus only in C. cuspidispathum.⁷","Inflorescence solitary, held high above the leaves on a peduncle 47 cm long that is prickly only in its distal 12 cm. Spathe perfectly erect, very long and slender, 53 cm long and 2.2 cm wide at the level of the spadix, tapering above, convolute at the base, with a prominent central ridge on the back, dark greenish brown with eight green stripes outside and blackish inside. Spadix sessile, cylindric, blunt, only 6 by 0.8 cm; flowers hexamerous, c. 1.5 mm across, the anthers exserted from the tepals at male anthesis. Fruit unknown in 2001;² berries have since been seen on plants near Timika.⁷","Habitat not recorded in the protologue;² the iNaturalist records are lowland, from the swampy coastal plain around Timika and from Sorong.³",None published in the sources consulted.,"Named for Gregory G. Hambali, whose collecting in West Papua produced the species, in acknowledgement of his long and expert contribution to Indonesian botany and horticulture and of his part in the rediscovery of the closely related Lasia concinna.²","1. Closest to the rheophytic C. beccarianum in leaf shape, from which it differs in the short petioles, the extremely elongate dark greenish brown spathe (ovate, wide open and generally white in C. beccarianum), the hexamerous flowers (tetramerous there) and the exserted stamens (not exserted there). The very long spathe recalls C. cuspidispathum, a far larger plant whose spathe is reflexed to dangling in its distal part, whose stamens are not exserted, whose leaves have well-developed anterior lobes with the posterior lobes held down, and whose petioles carry upturned prickles. In spathe colour and exserted stamens it recalls C. carrii of Central Province, which has extremely prickly leaves with well-developed anterior lobes and a squat, open spathe.²
2. The authors correct Hay's 1988 statement that the stamens of C. carrii are not exserted: it rested on limited herbarium material, and living plants show them exserted.² ⁶
3. The sheath reaching a third of the way up the petiole is unusual in the genus, though it may simply be that the rest of the petiole is foreshortened. The species keys out in Hay's 1988 key at a new couplet 3a, leaf blade with the anterior lobe much reduced and narrowly triangular and the posterior lobes erect; the genus then stood at twelve species.² ⁶
4. Hariri et al. (2024) compare their new C. prasinispathum with the Bogor plants that had carried this name and figure a leaf of C. hambalii beside it (their Fig. 1J).⁵
5. Six wild observations on iNaturalist, four of them research grade, are the best photographs of the species available to the build; the protologue's two figures show the flowering plant and the inflorescence.² ³","1. Plants of the World Online, Royal Botanic Gardens, Kew — Cyrtosperma hambalii. https://powo.science.kew.org/taxon/urn:lsid:ipni.org:names:20001020-1
2. Dearden, A. & Hay, A. 2001. A new species of Cyrtosperma (Araceae) from West Papua. Aroideana 24: 102–104 — protologue.
3. iNaturalist: Cyrtosperma hambalii. https://www.inaturalist.org/taxa/937776
4. GBIF occurrence download for Cyrtosperma, 2026-09-05 (1 record). https://www.gbif.org/species/2871917
5. Hariri, M.R. et al. 2024. Cyrtosperma prasinispathum: a new fascinating Aroid species from Papua, Indonesia. Webbia 79(2): 291–294. https://doi.org/10.36253/jopt-16076
6. Hay, A. 1988. Cyrtosperma (Araceae) and its Old World allies. Blumea 33: 427–469. https://repository.naturalis.nl/pub/526134
7. Hay, A. & Imran. 2020. Cyrtosperma giganteum Engl. (Araceae–Lasioideae) found again in Papua Province, Indonesia. Aroideana 43(3–4): 4–11 (note added in proof).",none,1221
Cyrtosperma timikense,CYRTOSPERMA TIMIKENSE,Imran & A.Hay,"Cyrtosperma, Oceania, New Guinea, Indonesia, Papua","none in the pack; the protologue's seven photographs by Imran, all from the type population (Aroideana 43(3–4), on the Drive), are the only published images; no iNaturalist or GBIF record; seed is offered commercially, so cultivated plants exist","Cyrtosperma timikense Imran & A.Hay, published in Aroideana 43(3–4): 97–107 (2020), ""A third enormous New Guinea lasioid — Cyrtosperma timikense, a new species from southern Papua Province, Indonesia"", with seven photographs.
Type: Imran s.n., 28 October 2020, Indonesia, Papua Province, Mimika Regency, near Timika, 4°39'47""S 136°49'36""E (holotype MAN; isotype BO, to be distributed).²
Diagnosis: resembles C. cuspidispathum in its very elongate spathe, gigantic size and small prickles, but differs in its strongly clumping habit, the somewhat angular distal part of the petiole and geniculum, the much narrower spathe with a somewhat inflated green basal portion, the stamens exserted from the tepals at male anthesis, the fruits apparently not expelled from the spadix at maturity, and the rather elaborately crested seeds, two to a berry.²
From the protologue: Massive, evergreen, strongly clump-forming herb to c. 3 m tall; stem a condensed subterranean rhizome 25–40 cm across including the leaf bases; leaves c. 8 per crown. Petioles held close together and vertical in the lower half and then weakly spreading, 2–2.5 m long, sheathing in the lower 30–40 cm with the wings of the sheath papery and then degrading to sparse fibres, dark grey-green densely and obliquely streaked buff in the lower half, bright green and somewhat angular in section above, sparsely armed with very small obliquely down-pointing prickles that follow the streaks below and become scattered and upturned above, conspicuously geniculate for c. 7 cm at the apex. Blades broadly triangular-sagittate, held with the anterior lobe up and the posterior lobes down, 1–1.5 m long, unarmed and rather small for the size of the plant; anterior lobe 40–50 cm long and 50–60 cm wide at the petiole insertion; posterior lobes 60–90 cm long; posterior costae diverging at c. 110° and naked in the sinus for c. 8 cm; anterior costa very prominent beneath, with about nine primary lateral veins on each side diverging at 60–70° and arching up to the margin, mostly with one or two secondary veins in the outer third of the blade; finer venation reticulate. Blooms solitary or up to three in succession; peduncles somewhat shorter than the petioles, 1.5–2.3 m long, densely armed throughout with small, mostly ungrouped, mostly upturned prickles like those of the petioles. Spathe to c. 80 cm long, somewhat convolute, green and slightly inflated in the basal 7–11 cm, giving the faint impression of a distinct lower spathe and limb, then narrowly canoe-shaped and very long-attenuate, dull purple with faint paler streaks within and slightly paler veins without, marcescent after anthesis and mostly disintegrated by fruiting. Spadix on a sparsely and minutely prickly stipe 2–3 cm long, tapering-cylindric, c. 20 cm long at female anthesis and enlarging to c. 26 cm during male anthesis; florets with six free tepals and six stamens, the anthers exserted from the tepals at male anthesis; pistil apparently unilocular and two-ovulate, the stigma discoid, sessile, almost as wide as the ovary. Infructescence at first erect, later deflected by pulvinar activity near the top of the peduncle, to c. 40 cm long; berries ripening red-orange, depressed-globose and weakly lobed with the darkened stigma remains at the top, apparently not expelled from the spadix, mostly two-seeded with one larger and one smaller (perhaps non-viable) seed; seeds reniform, ornamented with prominently lobed crests, c. 0.5 or c. 1 cm long.²",N/A,N/A,N/A,"New Guinea: New Guinea (Papua Province, Mimika Regency).¹ ²","Known only from the population near Timika from which the type was gathered, some 500 km west of the nearest southern record of C. cuspidispathum and on the far side of the Central Cordillera from the Jayapura records of that species.²","A massive, evergreen, vigorously clump-forming herb to about 3 m tall, the base of a large clump forming a thicket of crowns, each of about eight leaves on a condensed underground rhizome 25–40 cm across. Petioles 2–2.5 m long, vertical and close together below and weakly spreading above, dark grey-green streaked buff in the lower half and bright green and somewhat angular above, sparsely armed with very small prickles and conspicuously geniculate at the apex; blades broadly triangular-sagittate, 1–1.5 m long, unarmed and rather small for the plant, held with the anterior lobe up and the posterior lobes down.²","Blooms solitary or up to three in succession, on densely prickly peduncles 1.5–2.3 m long. Spathe to about 80 cm long, its green, slightly inflated, convolute base giving the faint impression of a distinct lower spathe, the rest narrowly canoe-shaped, dull purple, indistinctly streaked and drawn out into a very long, backward-arching tip. Spadix stipitate, tapering, 20–26 cm long; flowers hexamerous with the anthers exserted at male anthesis. Infructescence to c. 40 cm, deflected as it ripens; berries red-orange, depressed-globose, weakly lobed, apparently not expelled from the spadix, mostly two-seeded with one seed larger than the other; seeds reniform with prominently lobed crests.²",Open degraded swamp forest at about 8 m altitude.²,None seen.,"For Timika, the capital of the Mimika Regency in Indonesian Papua, near which the species was found.²","1. The third of the enormous New Guinea cyrtospermas, with C. cuspidispathum and C. giganteum, and the most like C. cuspidispathum in its size, its long-attenuate, basally convolute spathe and its very numerous small prickles. It differs in being vigorously clump-forming where C. cuspidispathum is usually solitary in the wild, in producing a few blooms in succession, in the much narrower spathe with only a small inflated green base (much more extensively convolute and vase-shaped, purple-brown, in C. cuspidispathum), reaching about 80 cm against 1.25 m, more indistinctly streaked and lacking the contrasting yellowish veins, in the exserted anthers, in the depressed-globose berries that stay on the spadix (rounder, and expelled anthurium-like, in C. cuspidispathum) and in the conspicuously crested seeds (barely ornamented in C. cuspidispathum).²
2. Discovered by Imran in the same part of southern Papua where the two authors had just re-found C. giganteum; the discovery is announced in a note added in proof to that paper, which puts the genus at fourteen species, eight of them on New Guinea.⁴
3. Described in the same issue of Aroideana as the rediscovery of C. giganteum and the note on C. johnstonii.² ⁴ ⁵
4. Hariri et al. (2024) count it among the fourteen species known before C. prasinispathum.⁶
5. Seed is offered by at least one European seed merchant under this name, so the species is entering cultivation; no photograph has yet reached iNaturalist or GBIF, and the protologue's figures are the only published images.² ³ ⚠","1. Plants of the World Online, Royal Botanic Gardens, Kew — Cyrtosperma timikense. https://powo.science.kew.org/taxon/urn:lsid:ipni.org:names:77214865-1
2. Hay, A. & Imran. 2020. A third enormous New Guinea lasioid — Cyrtosperma timikense, a new species from southern Papua Province, Indonesia. Aroideana 43(3–4): 97–107 — protologue.
3. GBIF: no occurrence records (2026-09-05).
4. Hay, A. & Imran. 2020. Cyrtosperma giganteum Engl. (Araceae–Lasioideae) found again in Papua Province, Indonesia. Aroideana 43(3–4): 4–11.
5. Hay, A. 2020. Notes on the typification, origin, and fertility of Cyrtosperma johnstonii (Araceae–Lasioideae). Aroideana 43(3–4): 108–117.
6. Hariri, M.R. et al. 2024. Cyrtosperma prasinispathum: a new fascinating Aroid species from Papua, Indonesia. Webbia 79(2): 291–294. https://doi.org/10.36253/jopt-16076",NOTES,1258
Cyrtosperma hayii,CYRTOSPERMA HAYII,"Raynalta, M.R.Hariri & A.S.D.Irsyam","Cyrtosperma, Oceania, New Guinea, Indonesia, West Papua","hero from inat/hayii (one wild observation, 2026, four photos); no type image online","Cyrtosperma hayii Raynalta, M.R.Hariri & A.S.D.Irsyam, published in Phytotaxa 641(3): 235–237 (20 March 2024), ""Cyrtosperma hayii (Araceae, Lasioideae), a unique new species with downward-pointing spines from Southwest Papua Province, Indonesia"".
⚠ Type and description not yet transcribed: the paper is paywalled and only its citation metadata was captured.²",N/A,N/A,N/A,New Guinea: New Guinea (Southwest Papua Province).¹ ²,,"⚠ To be taken from the protologue. The diagnostic character given in the title is downward-pointing spines, unique in the genus: in Hay's 1988 key spines mixed straight and down-turned characterise Podolasia, while Cyrtosperma has spines straight and up-turned or all up-turned, so this species breaks that distinction.² ⁴","⚠ To be taken from the protologue. Placed by Hariri et al. (2024) in the Macrotum group, whose spathe is not convolute below and whose flowers are tetra-, penta- or hexamerous.⁵",⚠ To be taken from the protologue; lowland forest of the Sorong region.²,None seen.,"For Alistair Hay, monographer of the genus and author of six of its species.","1. The fourth member of the Macrotum group, with C. macrotum, C. beccarianum and C. prasinispathum, and like the last described from the Sorong region of Southwest Papua in 2024.⁵
2. Cyrtosperma prasinispathum also carries some downward-pointing spines among mostly upward ones,⁵ so the character is a matter of degree between the two Sorong species.
3. A single wild iNaturalist observation from 2026 is the only photograph available to the build.³","1. Plants of the World Online, Royal Botanic Gardens, Kew — Cyrtosperma hayii. https://powo.science.kew.org/taxon/urn:lsid:ipni.org:names:77338788-1
2. Raynalta, E., Hariri, M.R. & Irsyam, A.S.D. 2024. Cyrtosperma hayii (Araceae, Lasioideae), a unique new species with downward-pointing spines from Southwest Papua Province, Indonesia. Phytotaxa 641(3): 235–237 — protologue. https://doi.org/10.11646/phytotaxa.641.3.6
3. iNaturalist: Cyrtosperma hayii. https://www.inaturalist.org/taxa/1668883
4. Hay, A. 1988. Cyrtosperma (Araceae) and its Old World allies. Blumea 33: 427–469. https://repository.naturalis.nl/pub/526134
5. Hariri, M.R. et al. 2024. Cyrtosperma prasinispathum: a new fascinating Aroid species from Papua, Indonesia. Webbia 79(2): 291–294. https://doi.org/10.36253/jopt-16076",PROTOLOGUE; SPECIES DESCRIPTION; INFLORESCENCE; ECOLOGY,372
Cyrtosperma prasinispathum,CYRTOSPERMA PRASINISPATHUM,A.S.D.Irsyam & M.R.Hariri,"Cyrtosperma, Oceania, New Guinea, Indonesia, West Papua","no iNaturalist or type image; the protologue's Figure 1 (habit, spines, spathe, spadix, flowers, leaf) is CC BY and usable with attribution to Hariri et al. 2024 (protologue pack, Hariri-2024-Webbia-79 p. 293)","Cyrtosperma prasinispathum A.S.D.Irsyam & M.R.Hariri, published in Webbia 79(2): 292 (3 September 2024), ""Cyrtosperma prasinispathum: a new fascinating Aroid species from Papua, Indonesia"".
Type: MRH 777, prepared 14 March 2024 from a living plant at the Bogor Botanic Gardens, Indonesia, Southwest Papua Province, Sorong Regency (holotype FIPIA, isotype BO). The Bogor plants grew from seed, DW1091, collected by D. Widyatmoko at Taman Wisata Alam Sorong at 27 m on 11 June–9 July 2007 and long labelled Cyrtosperma hambalii.²
Diagnosis: geographically associated with C. macrotum but differing in the unarmed abaxial leaf surface, the oblanceolate posterior lobes, the elliptic anterior lobe, the deflected spathe with an entire margin, the leek-green spathe, the yellowish-green to yellow spadix and the consistently tetramerous flowers.²",N/A,N/A,N/A,"New Guinea: New Guinea (Southwest Papua Province, Sorong).¹ ²",Known only from the 2007 Sorong collection and its descendants in cultivation at Bogor.²,"Small herb 21–30 cm tall. Leaves about 5–9 per crown, clustered; sheath 2–4 cm long, brown; petiole slender, 5–25 cm long, brown with black patches, armed with straight, downward- and mostly upward-pointing spines 1–4 mm long, yellowish brown; blade sagittate-hastate, the anterior lobe elliptic, shorter than the posterior lobes, 3.5–12 by 2–6.2 cm, pointing downward, flat in juvenile leaves; posterior lobes oblanceolate, 4.2–17 by 2–5.5 cm, pointing downward, the sinus 60–80 degrees; upper surface dark green, lower surface glaucous.²","Peduncle 50–73 cm long, brown with black patches, armed with minute straight, downward- and mostly upward-pointing spines 1–2 mm long. Spathe broadly open, lanceolate, deflected, 10.9–11.5 by 2.5–2.9 cm, leek-green. Spadix 35–45 by 6–7 mm, yellowish green turning yellow when mature; stipe 3–6 mm long, leek-green. Flowers bisexual, perigoniate; tepals 4, free, green turning yellow; stamens 4, free, the filaments flat and broad, the anthers c. 0.5 mm long, white, not exserted from the tepals at anthesis; pollen white; ovary one-locular, brown; stigma discoid, sessile, brown.²",Lowland forest of the Sorong nature reserve (Taman Wisata Alam Sorong) at 27 m; nothing more is recorded.²,None published.,"From the Latin prasinus, leek-green, and spathum, for the glossy leek-green spathe.²","1. The fourth member of the Macrotum group, with C. beccarianum, C. macrotum and C. hayii; the group has a spathe not convolute in its lower part and tetra-, penta- or hexamerous flowers.²
2. Described entirely from living cultivated plants; the authors propose Data Deficient for its conservation status and note that the striking spathe makes it ""an important candidate for horticultural plants"".²
3. The authors' Figure 1 shows the habit, the three kinds of spine tip on the petiole, the spathe from three angles, the spadix and immature flowers, and compares the leaf with those of C. macrotum and C. hambalii.²
4. With C. hayii it brings the genus to 15 species, 14 of them east of Wallace's Line.²","1. Plants of the World Online, Royal Botanic Gardens, Kew — Cyrtosperma prasinispathum. https://powo.science.kew.org/taxon/urn:lsid:ipni.org:names:77348339-1
2. Hariri, M.R., Irsyam, A.S.D., Ariati, S.R., Raynalta, E., Setyanti, D. & Supriyatna, I. 2024. Cyrtosperma prasinispathum: a new fascinating Aroid species from Papua, Indonesia. Webbia 79(2): 291–294 — protologue. https://doi.org/10.36253/jopt-16076
3. Hay, A. 1988. Cyrtosperma (Araceae) and its Old World allies. Blumea 33: 427–469. https://repository.naturalis.nl/pub/526134
4. Raynalta, E., Hariri, M.R. & Irsyam, A.S.D. 2024. Cyrtosperma hayii. Phytotaxa 641(3): 235–237. https://doi.org/10.11646/phytotaxa.641.3.6",none,606
