SPECIES NAME,AUTHORITY,YEAR DESCRIBED,PROTOLOGUE,BASIONYM,TYPE / ORIGINAL REMARKS (IPNI),POWO RANGE SUMMARY,NATIVE RANGE (TDWG L3),INTRODUCED RANGE (TDWG L3),DOUBTFUL RANGE (TDWG L3),SYNONYMS (POWO),IPNI ID,IPNI URL,POWO URL,WCVP ID,WFO ID,BHL (PROTOLOGUE SCAN),SOURCES,AROIDPEDIA STATUS,AROIDPEDIA RULING / NOTES,PAGE URL
Rhaphidophora acuminata,Merr.,1915,"Philipp. J. Sci., C 10: 265 (1915)",,Ins. Philipp- (I.eytc),Philippines,Philippines,,,Rhaphidophora lagunensis Elmer,88435-1,https://www.ipni.org/n/88435-1,https://powo.science.kew.org/taxon/urn:lsid:ipni.org:names:88435-1,177694,wfo-0000295892,http://www.biodiversitylibrary.org/openurl?ctx_ver=Z39.88-2004&rft.date=1915&rft.spage=265&rft.volume=10&rft_id=http://www.biodiversitylibrary.org/bibliography/69&rft_val_fmt=info:ofi/fmt:kev:mtx:book&url_ver=z39.88-2004,IPNI; POWO/WCVP,,,
Rhaphidophora africana,N.E.Br.,1897,Bull. Misc. Inform. Kew 1897(128-129): 286 (1897),,Afr. trop,W. Trop. Africa to Uganda,Benin; Cameroon; Central African Republic; Congo; DR Congo; Equatorial Guinea; Gabon; Ghana; Guinea; Gulf of Guinea Islands; Ivory Coast; Liberia; Nigeria; Sierra Leone; Uganda,,,Afrorhaphidophora africana (N.E.Br.) Engl.,88437-1,https://www.ipni.org/n/88437-1,https://powo.science.kew.org/taxon/urn:lsid:ipni.org:names:88437-1,177696,wfo-0000295894,,IPNI; POWO/WCVP,,,
Rhaphidophora angustata,Schott,1863,Ann. Mus. Bot. Lugduno-Batavi 1: 128 (1863),,Sumatra,Pen. Malaysia to Sumatera,Peninsular Malaysia; Sumatra,,,Rhaphidophora laetevirens Ridl.; Rhaphidophora pteropoda (Teijsm. & Binn.) Engl.; Scindapsus pteropodus Teijsm. & Binn.,88441-1,https://www.ipni.org/n/88441-1,https://powo.science.kew.org/taxon/urn:lsid:ipni.org:names:88441-1,177699,wfo-0000295897,http://www.biodiversitylibrary.org/openurl?ctx_ver=Z39.88-2004&rft.date=1863&rft.spage=128&rft.volume=1&rft_id=http://www.biodiversitylibrary.org/bibliography/113&rft_val_fmt=info:ofi/fmt:kev:mtx:book&url_ver=z39.88-2004,IPNI; POWO/WCVP,,,
Rhaphidophora araea,P.C.Boyce,2000,Gard. Bull. Singapore 52(1): 116 (2000),,,Sumatera,Sumatra,,,,1016897-1,https://www.ipni.org/n/1016897-1,https://powo.science.kew.org/taxon/urn:lsid:ipni.org:names:1016897-1,177703,wfo-0000295903,http://www.biodiversitylibrary.org/openurl?ctx_ver=Z39.88-2004&rft.date=2000&rft.issue=1&rft.spage=116&rft.volume=52&rft_id=http://www.biodiversitylibrary.org/bibliography/77306&rft_val_fmt=info:ofi/fmt:kev:mtx:book&url_ver=z39.88-2004,IPNI; POWO/WCVP,,,
Rhaphidophora australasica,F.M.Bailey,1897,Queensland Agric. J. i. 452.,,Austral,New Guinea to N. & NE. Queensland,New Guinea; Northern Territory; Queensland,,,Rhaphidophora hollrungii Engl.; Rhaphidophora iboensis K.Krause,88447-1,https://www.ipni.org/n/88447-1,https://powo.science.kew.org/taxon/urn:lsid:ipni.org:names:88447-1,177705,wfo-0000295905,,IPNI; POWO/WCVP,,,
Rhaphidophora balgooyi,P.C.Boyce,2000,Gard. Bull. Singapore 52(1): 118 (2000),,,Maluku,Maluku,,,Rhaphidophora ternatensis f. major Alderw.,1016898-1,https://www.ipni.org/n/1016898-1,https://powo.science.kew.org/taxon/urn:lsid:ipni.org:names:1016898-1,177706,wfo-0000295906,http://www.biodiversitylibrary.org/openurl?ctx_ver=Z39.88-2004&rft.date=2000&rft.issue=1&rft.spage=118&rft.volume=52&rft_id=http://www.biodiversitylibrary.org/bibliography/77306&rft_val_fmt=info:ofi/fmt:kev:mtx:book&url_ver=z39.88-2004,IPNI; POWO/WCVP,,,
Rhaphidophora banosensis,P.C.Boyce,2000,"Gard. Bull. Singapore 52(2): 222, nom. nov. (2000)",,,Philippines,Philippines,,,Rhaphidophora stenophylla Elmer,1019477-1,https://www.ipni.org/n/1019477-1,https://powo.science.kew.org/taxon/urn:lsid:ipni.org:names:1019477-1,177707,wfo-0000295907,http://www.biodiversitylibrary.org/openurl?ctx_ver=Z39.88-2004&rft.date=2000&rft.issue=2&rft.spage=222&rft.volume=52&rft_id=http://www.biodiversitylibrary.org/bibliography/77306&rft_val_fmt=info:ofi/fmt:kev:mtx:book&url_ver=z39.88-2004,IPNI; POWO/WCVP,,,
Rhaphidophora beccarii,(Engl.) Engl.,1880,Bot. Jahrb. Syst. 1(2): 181 (1880),Epipremnum beccarii Engl.,Borneo,"Arunachal Pradesh, Andaman Is., Pen. Thailand to W. Malesia",Andaman Islands; Borneo; East Himalaya; Peninsular Malaysia; Sumatra; Thailand,,,Epipremnum beccarii Engl.; Rhaphidophora borneensis Engl.; Rhaphidophora fluminea Ridl.,88449-1,https://www.ipni.org/n/88449-1,https://powo.science.kew.org/taxon/urn:lsid:ipni.org:names:88449-1,177709,wfo-0000295909,http://www.biodiversitylibrary.org/openurl?ctx_ver=Z39.88-2004&rft.date=1880&rft.issue=2&rft.spage=181&rft.volume=1&rft_id=http://www.biodiversitylibrary.org/bibliography/60&rft_val_fmt=info:ofi/fmt:kev:mtx:book&url_ver=z39.88-2004,IPNI; POWO/WCVP,,,
Rhaphidophora bogneri,P.C.Boyce & Haigh,2016,Aroideana 39(2): 102 (2016),,,Cameroon to Gabon,Cameroon; Gabon,,,,77157316-1,https://www.ipni.org/n/77157316-1,https://powo.science.kew.org/taxon/urn:lsid:ipni.org:names:77157316-1,522093,wfo-1000047390,,IPNI; POWO/WCVP,,,
Rhaphidophora bonii,Engl. & K.Krause,1908,Pflanzenr. Arac.-Monster. 34 (1908),,Indo-China,Vietnam,Vietnam,,,,88450-1,https://www.ipni.org/n/88450-1,https://powo.science.kew.org/taxon/urn:lsid:ipni.org:names:88450-1,177710,wfo-0000295911,,IPNI; POWO/WCVP,,,
Rhaphidophora brevispathacea,Engl. & K.Krause,1916,Bot. Jahrb. Syst. 54(1): 79 (1916),,N. Guin,New Guinea,New Guinea,,,,88451-1,https://www.ipni.org/n/88451-1,https://powo.science.kew.org/taxon/urn:lsid:ipni.org:names:88451-1,177712,wfo-0000295913,http://www.biodiversitylibrary.org/openurl?ctx_ver=Z39.88-2004&rft.date=1916&rft.issue=1&rft.spage=79&rft.volume=54&rft_id=http://www.biodiversitylibrary.org/bibliography/60&rft_val_fmt=info:ofi/fmt:kev:mtx:book&url_ver=z39.88-2004,IPNI; POWO/WCVP,,,
Rhaphidophora burkilliana,Ridl.,1925,Fl. Malay Penins. v. 121 (1925).,,Penins. Mal,Pen. Malaysia (Selangor),Peninsular Malaysia,,,,88454-1,https://www.ipni.org/n/88454-1,https://powo.science.kew.org/taxon/urn:lsid:ipni.org:names:88454-1,177715,wfo-0000295916,,IPNI; POWO/WCVP,,,
Rhaphidophora calophylla,Schott,1860,Prodr. Syst. Aroid. 380 (1860),,,E. Himalaya to China (Yunnan) and Nicobar Is.,Assam; Bangladesh; China South-Central; East Himalaya; Myanmar; Nicobar,,,Rhaphidophora calophylla var. violacea H.Ara & M.A.Hassan,88455-1,https://www.ipni.org/n/88455-1,https://powo.science.kew.org/taxon/urn:lsid:ipni.org:names:88455-1,177716,wfo-0000295917,http://www.biodiversitylibrary.org/openurl?ctx_ver=Z39.88-2004&rft_id=http://www.biodiversitylibrary.org/page/6676822&rft_val_fmt=info:ofi/fmt:kev:mtx:book&url_ver=z39.88-2004,IPNI; POWO/WCVP,,,
Rhaphidophora chevalieri,Gagnep.,1941,Notul. Syst. (Paris) 9: 136 (1941),,Indo-China (Anam; Tonkin),N. & NE. Thailand to Vietnam,Thailand; Vietnam,,,,88460-1,https://www.ipni.org/n/88460-1,https://powo.science.kew.org/taxon/urn:lsid:ipni.org:names:88460-1,177721,wfo-0000295923,http://www.biodiversitylibrary.org/openurl?ctx_ver=Z39.88-2004&rft.date=1941&rft.spage=136&rft.volume=9&rft_id=http://www.biodiversitylibrary.org/bibliography/314&rft_val_fmt=info:ofi/fmt:kev:mtx:book&url_ver=z39.88-2004,IPNI; POWO/WCVP,,,
Rhaphidophora conica,Engl.,1880,Bot. Jahrb. Syst. 1(2): 181 (1880),,N. Guin,New Guinea to Bismarck Arch.,Bismarck Archipelago; New Guinea,,,Rhaphidophora pallidivenia Alderw.,88462-1,https://www.ipni.org/n/88462-1,https://powo.science.kew.org/taxon/urn:lsid:ipni.org:names:88462-1,177723,wfo-0000295925,http://www.biodiversitylibrary.org/openurl?ctx_ver=Z39.88-2004&rft.date=1880&rft.issue=2&rft.spage=181&rft.volume=1&rft_id=http://www.biodiversitylibrary.org/bibliography/60&rft_val_fmt=info:ofi/fmt:kev:mtx:book&url_ver=z39.88-2004,IPNI; POWO/WCVP,,,
Rhaphidophora conocephala,Alderw.,1920,"Bull. Jard. Bot. Buitenzorg ser. III, i. 384 (1920).",,Sumatra,Sumatera to Philippines(Palawan),Borneo; Philippines; Sumatra,,,,88463-1,https://www.ipni.org/n/88463-1,https://powo.science.kew.org/taxon/urn:lsid:ipni.org:names:88463-1,177724,wfo-0000295926,,IPNI; POWO/WCVP,,,
Rhaphidophora corneri,P.C.Boyce,1999,Gard. Bull. Singapore 51(2): 205 (1999),,,"Pen. Malaysia (Terengganu, Kelantan)",Peninsular Malaysia,,,,1013500-1,https://www.ipni.org/n/1013500-1,https://powo.science.kew.org/taxon/urn:lsid:ipni.org:names:1013500-1,177726,wfo-0000295928,http://www.biodiversitylibrary.org/openurl?ctx_ver=Z39.88-2004&rft.date=1999&rft.issue=2&rft.spage=205&rft.volume=51&rft_id=http://www.biodiversitylibrary.org/bibliography/77306&rft_val_fmt=info:ofi/fmt:kev:mtx:book&url_ver=z39.88-2004,IPNI; POWO/WCVP,,,
Rhaphidophora crassicaulis,Engl. & K.Krause,1908,Pflanzenr. Arac.-Monster. 52 (1908),,Indo-China,"China (Yunnan, Guangxi) to N. Indo-China",China South-Central; China Southeast; Laos; Tibet; Vietnam,,,,88465-1,https://www.ipni.org/n/88465-1,https://powo.science.kew.org/taxon/urn:lsid:ipni.org:names:88465-1,177727,wfo-0000295929,,IPNI; POWO/WCVP,,,
Rhaphidophora crassifolia,Hook.f.,1893,Fl. Brit. India [J. D. Hooker] 6(19): 543 (1893),,Perak,"Pen. Thailand to Pen. Malaysia, Borneo (Sarawak)",Borneo; Peninsular Malaysia; Thailand,,,,88466-1,https://www.ipni.org/n/88466-1,https://powo.science.kew.org/taxon/urn:lsid:ipni.org:names:88466-1,177728,wfo-0000295930,http://www.biodiversitylibrary.org/openurl?ctx_ver=Z39.88-2004&rft_id=http://www.biodiversitylibrary.org/page/356112&rft_val_fmt=info:ofi/fmt:kev:mtx:book&url_ver=z39.88-2004,IPNI; POWO/WCVP,,,
Rhaphidophora cravenschoddeana,P.C.Boyce,2001,Gard. Bull. Singapore 53(1-2): 96 (2001),,,Papua New Guinea,New Guinea,,,,20001449-1,https://www.ipni.org/n/20001449-1,https://powo.science.kew.org/taxon/urn:lsid:ipni.org:names:20001449-1,177730,wfo-0000295933,http://www.biodiversitylibrary.org/openurl?ctx_ver=Z39.88-2004&rft.date=2001&rft.spage=96&rft.volume=53&rft_id=http://www.biodiversitylibrary.org/bibliography/77306&rft_val_fmt=info:ofi/fmt:kev:mtx:book&url_ver=z39.88-2004,IPNI; POWO/WCVP,,,
Rhaphidophora cretosa,P.C.Boyce,2000,Gard. Bull. Singapore 52(2): 228 (2000),,,Philippines (Mindanao),Philippines,,,,1019478-1,https://www.ipni.org/n/1019478-1,https://powo.science.kew.org/taxon/urn:lsid:ipni.org:names:1019478-1,177731,wfo-0000295934,http://www.biodiversitylibrary.org/openurl?ctx_ver=Z39.88-2004&rft.date=2000&rft.issue=2&rft.spage=228&rft.volume=52&rft_id=http://www.biodiversitylibrary.org/bibliography/77306&rft_val_fmt=info:ofi/fmt:kev:mtx:book&url_ver=z39.88-2004,IPNI; POWO/WCVP,,,
Rhaphidophora cryptantha,P.C.Boyce & C.M.Allen,2001,Gard. Bull. Singapore 53(1-2): 99 (2001),,,Papua New Guinea,New Guinea,,,,20001450-1,https://www.ipni.org/n/20001450-1,https://powo.science.kew.org/taxon/urn:lsid:ipni.org:names:20001450-1,177732,wfo-0000295935,http://www.biodiversitylibrary.org/openurl?ctx_ver=Z39.88-2004&rft.date=2001&rft.spage=99&rft.volume=53&rft_id=http://www.biodiversitylibrary.org/bibliography/77306&rft_val_fmt=info:ofi/fmt:kev:mtx:book&url_ver=z39.88-2004,IPNI; POWO/WCVP,,,
Rhaphidophora cylindrosperma,Engl. & K.Krause,1908,Pflanzenr. Arac.-Monster. 28 (1908),,Borneo,Borneo,Borneo,,,,88469-1,https://www.ipni.org/n/88469-1,https://powo.science.kew.org/taxon/urn:lsid:ipni.org:names:88469-1,177734,wfo-0000295937,,IPNI; POWO/WCVP,,,
Rhaphidophora dahlii,Engl.,1898,Bot. Jahrb. Syst. 25(1-2): 8 (1898),,N. Brit,Bismarck Arch.,Bismarck Archipelago,,,,88470-1,https://www.ipni.org/n/88470-1,https://powo.science.kew.org/taxon/urn:lsid:ipni.org:names:88470-1,177735,wfo-0000295938,http://www.biodiversitylibrary.org/openurl?ctx_ver=Z39.88-2004&rft.date=1898&rft.spage=8&rft.volume=25&rft_id=http://www.biodiversitylibrary.org/bibliography/60&rft_val_fmt=info:ofi/fmt:kev:mtx:book&url_ver=z39.88-2004,IPNI; POWO/WCVP,,,
Rhaphidophora decursiva,(Roxb.) Schott,1857,Bonplandia 5: 45 (1857),Pothos decursivus Roxb.,Ind. or,Indian Subcontinent to S. China and Indo-China,Andaman Islands; Assam; Bangladesh; Cambodia; China South-Central; China Southeast; East Himalaya; Hainan; India; Laos; Myanmar; Nepal; Nicobar; Sri Lanka; Thailand; Tibet; Vietnam; West Himalaya,,,Monstera decursiva (Roxb.) Schott; Monstera multijuga K.Koch ex Ender; Pothos decursivus Roxb.; Rhaphidophora affinis Schott; Rhaphidophora eximia Schott; Rhaphidophora grandis Schott; Rhaphidophora insignis Schott; Scindapsus decursivus (Roxb.) Schott,88471-1,https://www.ipni.org/n/88471-1,https://powo.science.kew.org/taxon/urn:lsid:ipni.org:names:88471-1,177736,wfo-0000295939,http://www.biodiversitylibrary.org/openurl?ctx_ver=Z39.88-2004&rft.date=1857&rft.spage=45&rft.volume=5&rft_id=http://www.biodiversitylibrary.org/bibliography/5823&rft_val_fmt=info:ofi/fmt:kev:mtx:book&url_ver=z39.88-2004,IPNI; POWO/WCVP,,,
Rhaphidophora discolor,Engl. & K.Krause,1916,Bot. Jahrb. Syst. 54(1): 80 (1916),,N. Guin,New Guinea,New Guinea,,,Rhaphidophora oreophila Engl. & K.Krause,88473-1,https://www.ipni.org/n/88473-1,https://powo.science.kew.org/taxon/urn:lsid:ipni.org:names:88473-1,177738,wfo-0000295941,http://www.biodiversitylibrary.org/openurl?ctx_ver=Z39.88-2004&rft.date=1916&rft.issue=1&rft.spage=80&rft.volume=54&rft_id=http://www.biodiversitylibrary.org/bibliography/60&rft_val_fmt=info:ofi/fmt:kev:mtx:book&url_ver=z39.88-2004,IPNI; POWO/WCVP,,,
Rhaphidophora dulongensis,H.Li,1992,"Acta Bot. Yunnan., Suppl. 5: 7 (1992)",,,China (Yunnan: Gongshan),China South-Central,,,,971007-1,https://www.ipni.org/n/971007-1,https://powo.science.kew.org/taxon/urn:lsid:ipni.org:names:971007-1,177740,wfo-0000295944,,IPNI; POWO/WCVP,,,
Rhaphidophora elliptica,Ridl.,1905,J. Straits Branch Roy. Asiat. Soc. 44: 186 (1905),,Borneo,N. & NW. Borneo,Borneo,,,,88476-1,https://www.ipni.org/n/88476-1,https://powo.science.kew.org/taxon/urn:lsid:ipni.org:names:88476-1,177743,wfo-1000047552,http://www.biodiversitylibrary.org/openurl?ctx_ver=Z39.88-2004&rft.date=1905&rft.spage=186&rft.volume=44&rft_id=http://www.biodiversitylibrary.org/bibliography/64180&rft_val_fmt=info:ofi/fmt:kev:mtx:book&url_ver=z39.88-2004,IPNI; POWO/WCVP,,,
Rhaphidophora elliptifolia,Merr.,1921,J. Straits Branch Roy. Asiat. Soc. Spec. No. 88 (1921),,"R. elliptica, Ridley (1908)",Borneo,Borneo,,,Rhaphidophora elliptica Ridl.,88478-1,https://www.ipni.org/n/88478-1,https://powo.science.kew.org/taxon/urn:lsid:ipni.org:names:88478-1,177744,wfo-0000295947,,IPNI; POWO/WCVP,,,
Rhaphidophora elmeri,Engl. & K.Krause,1910,"Bot. Jahrb. Syst. 44(2-3, Beibl. 101): 11 (1910)",,Ins. Philipp,Philippines,Philippines,,,,88479-1,https://www.ipni.org/n/88479-1,https://powo.science.kew.org/taxon/urn:lsid:ipni.org:names:88479-1,177745,wfo-0000295948,,IPNI; POWO/WCVP,,,
Rhaphidophora falcata,Ridl.,1905,J. Straits Branch Roy. Asiat. Soc. 44: 198 (1905),,Siam,S. Pen. Thailand to N. Pen. Malaysia,Peninsular Malaysia; Thailand,,,,88482-1,https://www.ipni.org/n/88482-1,https://powo.science.kew.org/taxon/urn:lsid:ipni.org:names:88482-1,177748,wfo-0000295951,http://www.biodiversitylibrary.org/openurl?ctx_ver=Z39.88-2004&rft.date=1905&rft.spage=198&rft.volume=44&rft_id=http://www.biodiversitylibrary.org/bibliography/64180&rft_val_fmt=info:ofi/fmt:kev:mtx:book&url_ver=z39.88-2004,IPNI; POWO/WCVP,,,
Rhaphidophora floresensis,P.C.Boyce,2000,Gard. Bull. Singapore 52(1): 126 (2000),,,Lesser Sunda Is.,Lesser Sunda Islands,,,,1016899-1,https://www.ipni.org/n/1016899-1,https://powo.science.kew.org/taxon/urn:lsid:ipni.org:names:1016899-1,177750,wfo-0000295954,http://www.biodiversitylibrary.org/openurl?ctx_ver=Z39.88-2004&rft.date=2000&rft.issue=1&rft.spage=126&rft.volume=52&rft_id=http://www.biodiversitylibrary.org/bibliography/77306&rft_val_fmt=info:ofi/fmt:kev:mtx:book&url_ver=z39.88-2004,IPNI; POWO/WCVP,,,
Rhaphidophora foraminifera,(Engl.) Engl.,1908,Pflanzenr. IV. 23B(Heft 37): 45 (1908),Epipremnum foraminiferum Engl.,Epipremnum foraminiferum,W. Malesia,Borneo; Peninsular Malaysia; Sumatra,,,Epipremnum foraminiferum Engl.,88485-1,https://www.ipni.org/n/88485-1,https://powo.science.kew.org/taxon/urn:lsid:ipni.org:names:88485-1,177752,wfo-0000295956,,IPNI; POWO/WCVP,,,
Rhaphidophora formosana,Engl.,1898,Bot. Jahrb. Syst. 25(1-2): 10 (1898),,Formosa,Taiwan,Taiwan,,,,88487-1,https://www.ipni.org/n/88487-1,https://powo.science.kew.org/taxon/urn:lsid:ipni.org:names:88487-1,177754,wfo-0000295958,http://www.biodiversitylibrary.org/openurl?ctx_ver=Z39.88-2004&rft.date=1898&rft.spage=10&rft.volume=25&rft_id=http://www.biodiversitylibrary.org/bibliography/60&rft_val_fmt=info:ofi/fmt:kev:mtx:book&url_ver=z39.88-2004,IPNI; POWO/WCVP,,,
Rhaphidophora fortis,P.C.Boyce,2001,Gard. Bull. Singapore 53(1-2): 104 (2001),,,Papua New Guinea,New Guinea,,,,20001451-1,https://www.ipni.org/n/20001451-1,https://powo.science.kew.org/taxon/urn:lsid:ipni.org:names:20001451-1,177756,wfo-0000295960,http://www.biodiversitylibrary.org/openurl?ctx_ver=Z39.88-2004&rft.date=2001&rft.spage=104&rft.volume=53&rft_id=http://www.biodiversitylibrary.org/bibliography/77306&rft_val_fmt=info:ofi/fmt:kev:mtx:book&url_ver=z39.88-2004,IPNI; POWO/WCVP,,,
Rhaphidophora geniculata,Engl.,1898,Bot. Jahrb. Syst. 25(1-2): 7 (1898),,N. Guin,New Guinea,New Guinea,,,Rhaphidophora wentii Engl. & K.Krause,88489-1,https://www.ipni.org/n/88489-1,https://powo.science.kew.org/taxon/urn:lsid:ipni.org:names:88489-1,177757,wfo-0000295961,http://www.biodiversitylibrary.org/openurl?ctx_ver=Z39.88-2004&rft.date=1898&rft.spage=7&rft.volume=25&rft_id=http://www.biodiversitylibrary.org/bibliography/60&rft_val_fmt=info:ofi/fmt:kev:mtx:book&url_ver=z39.88-2004,IPNI; POWO/WCVP,,,
Rhaphidophora glauca,(Wall.) Schott,1857,Bonplandia 5: 45 (1857),Pothos glaucus Wall.,Reg. Himal,Himalaya to Indo-China,Assam; Bangladesh; East Himalaya; Laos; Myanmar; Nepal; Thailand; Tibet; Vietnam; West Himalaya,,,Monstera glauca K.Koch ex Ender; Pothos glaucus Wall.; Pothos wallichii Steud.; Rhaphidophora glauca var. khasiana Hook.f.; Scindapsus glaucus (Wall.) Schott,88491-1,https://www.ipni.org/n/88491-1,https://powo.science.kew.org/taxon/urn:lsid:ipni.org:names:88491-1,177759,wfo-0000295963,http://www.biodiversitylibrary.org/openurl?ctx_ver=Z39.88-2004&rft.date=1857&rft.spage=45&rft.volume=5&rft_id=http://www.biodiversitylibrary.org/bibliography/5823&rft_val_fmt=info:ofi/fmt:kev:mtx:book&url_ver=z39.88-2004,IPNI; POWO/WCVP,,,
Rhaphidophora gorokensis,P.C.Boyce,2001,Gard. Bull. Singapore 53(1-2): 111 (2001),,,Papua New Guinea,New Guinea,,,,20001452-1,https://www.ipni.org/n/20001452-1,https://powo.science.kew.org/taxon/urn:lsid:ipni.org:names:20001452-1,177762,wfo-0000295967,http://www.biodiversitylibrary.org/openurl?ctx_ver=Z39.88-2004&rft.date=2001&rft.spage=111&rft.volume=53&rft_id=http://www.biodiversitylibrary.org/bibliography/77306&rft_val_fmt=info:ofi/fmt:kev:mtx:book&url_ver=z39.88-2004,IPNI; POWO/WCVP,,,
Rhaphidophora guamensis,P.C.Boyce,2001,Gard. Bull. Singapore 53(1-2): 112 (2001),,,Marianas (Guam),Marianas,,,,20001453-1,https://www.ipni.org/n/20001453-1,https://powo.science.kew.org/taxon/urn:lsid:ipni.org:names:20001453-1,177769,wfo-0000295974,http://www.biodiversitylibrary.org/openurl?ctx_ver=Z39.88-2004&rft.date=2001&rft.spage=112&rft.volume=53&rft_id=http://www.biodiversitylibrary.org/bibliography/77306&rft_val_fmt=info:ofi/fmt:kev:mtx:book&url_ver=z39.88-2004,IPNI; POWO/WCVP,,,
Rhaphidophora hayi,P.C.Boyce & Bogner,2000,Gard. Bull. Singapore 52(1): 91 (2000),,,Papuasia to N. Queensland,Bismarck Archipelago; New Guinea; Queensland; Solomon Islands,,,,1016895-1,https://www.ipni.org/n/1016895-1,https://powo.science.kew.org/taxon/urn:lsid:ipni.org:names:1016895-1,177771,wfo-0000295977,http://www.biodiversitylibrary.org/openurl?ctx_ver=Z39.88-2004&rft.date=2000&rft.issue=1&rft.spage=91&rft.volume=52&rft_id=http://www.biodiversitylibrary.org/bibliography/77306&rft_val_fmt=info:ofi/fmt:kev:mtx:book&url_ver=z39.88-2004,IPNI; POWO/WCVP,,,
Rhaphidophora hongkongensis,Schott,1860,Prodr. Syst. Aroid. 378 (1860),,,Assam to S. China and Indo-China,Assam; Bangladesh; China South-Central; China Southeast; Hainan; Laos; Myanmar; Taiwan; Thailand; Vietnam,,,Pothos obliquus Wall. ex Hook.f.; Rhaphidophora schottii Hook.f.,88501-1,https://www.ipni.org/n/88501-1,https://powo.science.kew.org/taxon/urn:lsid:ipni.org:names:88501-1,177773,wfo-0000295979,http://www.biodiversitylibrary.org/openurl?ctx_ver=Z39.88-2004&rft_id=http://www.biodiversitylibrary.org/page/6676820&rft_val_fmt=info:ofi/fmt:kev:mtx:book&url_ver=z39.88-2004,IPNI; POWO/WCVP,,,
Rhaphidophora hookeri,Schott,1860,Prodr. Syst. Aroid. 381 (1860),,Reg. Himal,Himalaya to S. China and Indo-China,Assam; Bangladesh; China South-Central; China Southeast; East Himalaya; Laos; Myanmar; Nepal; Thailand; Tibet; Vietnam; West Himalaya,,,,88502-1,https://www.ipni.org/n/88502-1,https://powo.science.kew.org/taxon/urn:lsid:ipni.org:names:88502-1,177774,wfo-0000295980,http://www.biodiversitylibrary.org/openurl?ctx_ver=Z39.88-2004&rft_id=http://www.biodiversitylibrary.org/page/6676823&rft_val_fmt=info:ofi/fmt:kev:mtx:book&url_ver=z39.88-2004,IPNI; POWO/WCVP,,,
Rhaphidophora intonsa,P.C.Boyce,2001,Gard. Bull. Singapore 53(1-2): 119 (2001),,,Papua New Guinea,New Guinea,,,,20001454-1,https://www.ipni.org/n/20001454-1,https://powo.science.kew.org/taxon/urn:lsid:ipni.org:names:20001454-1,177779,wfo-0000295985,http://www.biodiversitylibrary.org/openurl?ctx_ver=Z39.88-2004&rft.date=2001&rft.spage=119&rft.volume=53&rft_id=http://www.biodiversitylibrary.org/bibliography/77306&rft_val_fmt=info:ofi/fmt:kev:mtx:book&url_ver=z39.88-2004,IPNI; POWO/WCVP,,,
Rhaphidophora intrusa,P.C.Boyce,2001,Gard. Bull. Singapore 53(1-2): 120 (2001),,,W. New Guinea,New Guinea,,,,20001456-1,https://www.ipni.org/n/20001456-1,https://powo.science.kew.org/taxon/urn:lsid:ipni.org:names:20001456-1,177780,wfo-0000295987,http://www.biodiversitylibrary.org/openurl?ctx_ver=Z39.88-2004&rft.date=2001&rft.spage=120&rft.volume=53&rft_id=http://www.biodiversitylibrary.org/bibliography/77306&rft_val_fmt=info:ofi/fmt:kev:mtx:book&url_ver=z39.88-2004,IPNI; POWO/WCVP,,,
Rhaphidophora jubata,P.C.Boyce,2001,Gard. Bull. Singapore 53(1-2): 124 (2001),,,Bismarck Arch. to Solomon Is. (Bougainville),Bismarck Archipelago; Solomon Islands,,,,20001458-1,https://www.ipni.org/n/20001458-1,https://powo.science.kew.org/taxon/urn:lsid:ipni.org:names:20001458-1,177782,wfo-0000295989,http://www.biodiversitylibrary.org/openurl?ctx_ver=Z39.88-2004&rft.date=2001&rft.spage=124&rft.volume=53&rft_id=http://www.biodiversitylibrary.org/bibliography/77306&rft_val_fmt=info:ofi/fmt:kev:mtx:book&url_ver=z39.88-2004,IPNI; POWO/WCVP,,,
Rhaphidophora kokodensis,P.C.Boyce,2001,Gard. Bull. Singapore 53(1-2): 127 (2001),,,Papua New Guinea,New Guinea,,,,20001460-1,https://www.ipni.org/n/20001460-1,https://powo.science.kew.org/taxon/urn:lsid:ipni.org:names:20001460-1,177786,wfo-0000295993,http://www.biodiversitylibrary.org/openurl?ctx_ver=Z39.88-2004&rft.date=2001&rft.spage=127&rft.volume=53&rft_id=http://www.biodiversitylibrary.org/bibliography/77306&rft_val_fmt=info:ofi/fmt:kev:mtx:book&url_ver=z39.88-2004,IPNI; POWO/WCVP,,,
Rhaphidophora koordersii,Engl.,1898,Bot. Jahrb. Syst. 25(1-2): 6 (1898),,Celebes,N. Sulawesi,Sulawesi,,,,88511-1,https://www.ipni.org/n/88511-1,https://powo.science.kew.org/taxon/urn:lsid:ipni.org:names:88511-1,177787,wfo-0000295994,http://www.biodiversitylibrary.org/openurl?ctx_ver=Z39.88-2004&rft.date=1898&rft.spage=6&rft.volume=25&rft_id=http://www.biodiversitylibrary.org/bibliography/60&rft_val_fmt=info:ofi/fmt:kev:mtx:book&url_ver=z39.88-2004,IPNI; POWO/WCVP,,,
Rhaphidophora korthalsii,Schott,1863,Ann. Mus. Bot. Lugduno-Batavi 1: 129 (1863),,Malaya,"Arunachal Pradesh, S. Nansei-shotō, Pen. Thailand to Malesia and W. Pacific",Bismarck Archipelago; Borneo; Caroline Is.; East Himalaya; Java; Maluku; Nansei-shoto; New Guinea; Peninsular Malaysia; Philippines; Solomon Islands; Sulawesi; Sumatra; Thailand; Vanuatu,,,Epipremnum multicephalum Elmer; Pothos bifarius Wall. ex Hook.f.; Pothos celatocaulis N.E.Br.; Rhaphidophora celatocaulis (N.E.Br.) Alderw.; Rhaphidophora copelandii Engl.; Rhaphidophora grandifolia K.Krause; Rhaphidophora grandis Ridl.; Rhaphidophora latifolia Alderw.; Rhaphidophora maxima Engl.; Rhaphidophora palawanensis Merr.; Rhaphidophora ridleyi Merr.; Rhaphidophora trinervia Elmer; Rhaphidophora trukensis Hosok.; Scindapsus anomalus Carrière,88513-1,https://www.ipni.org/n/88513-1,https://powo.science.kew.org/taxon/urn:lsid:ipni.org:names:88513-1,177789,wfo-0000295996,http://www.biodiversitylibrary.org/openurl?ctx_ver=Z39.88-2004&rft.date=1863&rft.spage=129&rft.volume=1&rft_id=http://www.biodiversitylibrary.org/bibliography/113&rft_val_fmt=info:ofi/fmt:kev:mtx:book&url_ver=z39.88-2004,IPNI; POWO/WCVP,,,
Rhaphidophora lacduongensis,V.D.Nguyen & B.H.Quang,2015,Blumea 59(3): 202 (2015),,,Vietnam,Vietnam,,,,77150822-1,https://www.ipni.org/n/77150822-1,https://powo.science.kew.org/taxon/urn:lsid:ipni.org:names:77150822-1,497596,wfo-0001344019,,IPNI; POWO/WCVP,,,
Rhaphidophora laichauensis,Gagnep.,1941,Notul. Syst. (Paris) 9: 137 (1941),,Indo-China (Tonkin),China (Yunnan) to N. Vietnam,China South-Central; Hainan; Vietnam,,,,88519-1,https://www.ipni.org/n/88519-1,https://powo.science.kew.org/taxon/urn:lsid:ipni.org:names:88519-1,177796,wfo-0000296004,http://www.biodiversitylibrary.org/openurl?ctx_ver=Z39.88-2004&rft.date=1941&rft.spage=137&rft.volume=9&rft_id=http://www.biodiversitylibrary.org/bibliography/314&rft_val_fmt=info:ofi/fmt:kev:mtx:book&url_ver=z39.88-2004,IPNI; POWO/WCVP,,,
Rhaphidophora lancifolia,Schott,1860,Prodr. Syst. Aroid. 380 (1860),,Reg. Himal,"Assam to China (Yunnan, W. Guangxi)",Assam; Bangladesh; China South-Central; China Southeast,,,,88520-1,https://www.ipni.org/n/88520-1,https://powo.science.kew.org/taxon/urn:lsid:ipni.org:names:88520-1,177797,wfo-0000296005,http://www.biodiversitylibrary.org/openurl?ctx_ver=Z39.88-2004&rft_id=http://www.biodiversitylibrary.org/page/6676822&rft_val_fmt=info:ofi/fmt:kev:mtx:book&url_ver=z39.88-2004,IPNI; POWO/WCVP,,,
Rhaphidophora latevaginata,M.Hotta,1966,Acta Phytotax. Geobot. 22(1-2): 4 (1966),,Borneo,"Pen. Malaysia, Borneo",Borneo; Peninsular Malaysia,,,,88521-1,https://www.ipni.org/n/88521-1,https://powo.science.kew.org/taxon/urn:lsid:ipni.org:names:88521-1,177798,wfo-0000296006,,IPNI; POWO/WCVP,,,
Rhaphidophora liukiuensis,Hatus.,1962,Acta Phytotax. Geobot. 20: 56 (1962),,Ins. Liukiu. Illus,S. Nansei-shotō to Taiwan (Lan Yü),Nansei-shoto; Taiwan,,,,88525-1,https://www.ipni.org/n/88525-1,https://powo.science.kew.org/taxon/urn:lsid:ipni.org:names:88525-1,177802,wfo-0000296012,,IPNI; POWO/WCVP,,,
Rhaphidophora lobbii,Schott,1860,Prodr. Syst. Aroid. 379 (1860),,Malaya,Pen. Thailand to W. & C. Malesia,Borneo; Java; Peninsular Malaysia; Philippines; Sulawesi; Sumatra; Thailand,,,Scindapsus lobbii (Schott) Ender,88526-1,https://www.ipni.org/n/88526-1,https://powo.science.kew.org/taxon/urn:lsid:ipni.org:names:88526-1,177803,wfo-0000296013,http://www.biodiversitylibrary.org/openurl?ctx_ver=Z39.88-2004&rft_id=http://www.biodiversitylibrary.org/page/6676821&rft_val_fmt=info:ofi/fmt:kev:mtx:book&url_ver=z39.88-2004,IPNI; POWO/WCVP,,,
Rhaphidophora luchunensis,H.Li,1977,Acta Phytotax. Sin. 15(2): 103 (1977),,China,SE. Tibet to China (Yunnan),China South-Central,,,Rhaphidophora luchunensis H.Li,88528-1,https://www.ipni.org/n/88528-1,https://powo.science.kew.org/taxon/urn:lsid:ipni.org:names:88528-1,177805,wfo-0000296015,,IPNI; POWO/WCVP,,,
Rhaphidophora maingayi,Hook.f.,1893,Fl. Brit. India [J. D. Hooker] 6(19): 543 (1893),,Malacca,Pen. Thailand to Sumatera,Peninsular Malaysia; Sumatra; Thailand,,,Rhaphidophora apiculata Alderw.,88531-1,https://www.ipni.org/n/88531-1,https://powo.science.kew.org/taxon/urn:lsid:ipni.org:names:88531-1,177808,wfo-0000296017,http://www.biodiversitylibrary.org/openurl?ctx_ver=Z39.88-2004&rft_id=http://www.biodiversitylibrary.org/page/356112&rft_val_fmt=info:ofi/fmt:kev:mtx:book&url_ver=z39.88-2004,IPNI; POWO/WCVP,,,
Rhaphidophora megaphylla,H.Li,1977,Acta Phytotax. Sin. 15(2): 102 (1977),,China,China (S. Yunnan) to Indo-China,China South-Central; Laos; Thailand; Vietnam,,,,88535-1,https://www.ipni.org/n/88535-1,https://powo.science.kew.org/taxon/urn:lsid:ipni.org:names:88535-1,177811,wfo-0000296021,,IPNI; POWO/WCVP,,,
Rhaphidophora megasperma,Engl.,1898,Bot. Jahrb. Syst. 25(1-2): 8 (1898),,Borneo,"Pen. Malaysia, Borneo",Borneo; Peninsular Malaysia,,,Rhaphidophora jaculiformis Alderw.; Rhaphidophora subfalcata M.Hotta; Scindapsus havilandii Ridl.,88536-1,https://www.ipni.org/n/88536-1,https://powo.science.kew.org/taxon/urn:lsid:ipni.org:names:88536-1,177812,wfo-0000296022,http://www.biodiversitylibrary.org/openurl?ctx_ver=Z39.88-2004&rft.date=1898&rft.spage=8&rft.volume=25&rft_id=http://www.biodiversitylibrary.org/bibliography/60&rft_val_fmt=info:ofi/fmt:kev:mtx:book&url_ver=z39.88-2004,IPNI; POWO/WCVP,,,
Rhaphidophora megastigma,Engl.,1880,Bot. Jahrb. Syst. 1(2): 180 (1880),,Sumatra,W. Sumatera,Sumatra,,,,88537-1,https://www.ipni.org/n/88537-1,https://powo.science.kew.org/taxon/urn:lsid:ipni.org:names:88537-1,177813,wfo-0000296023,http://www.biodiversitylibrary.org/openurl?ctx_ver=Z39.88-2004&rft.date=1880&rft.issue=2&rft.spage=180&rft.volume=1&rft_id=http://www.biodiversitylibrary.org/bibliography/60&rft_val_fmt=info:ofi/fmt:kev:mtx:book&url_ver=z39.88-2004,IPNI; POWO/WCVP,,,
Rhaphidophora microperforata,S.Y.Wong & P.C.Boyce,2022,Aroideana 45(2): 534 (2022),,,"Borneo (Sabah, Sarawak)",Borneo,,,,77306476-1,https://www.ipni.org/n/77306476-1,https://powo.science.kew.org/taxon/urn:lsid:ipni.org:names:77306476-1,3295181,wfo-1000040959,,IPNI; POWO/WCVP,,,
Rhaphidophora microspadix,K.Krause,1912,Bot. Jahrb. Syst. 49(1): 92 (1912),,N. Guin,New Guinea,New Guinea,,,Rhaphidophora nutans Ridl.,88539-1,https://www.ipni.org/n/88539-1,https://powo.science.kew.org/taxon/urn:lsid:ipni.org:names:88539-1,177815,wfo-0000296025,http://www.biodiversitylibrary.org/openurl?ctx_ver=Z39.88-2004&rft.date=1912&rft.issue=1&rft.spage=92&rft.volume=49&rft_id=http://www.biodiversitylibrary.org/bibliography/60&rft_val_fmt=info:ofi/fmt:kev:mtx:book&url_ver=z39.88-2004,IPNI; POWO/WCVP,,,
Rhaphidophora mima,P.C.Boyce,2001,Gard. Bull. Singapore 53(1-2): 138 (2001),,,E. New Guinea to Solomon Is.,Bismarck Archipelago; New Guinea; Solomon Islands,,,,20001462-1,https://www.ipni.org/n/20001462-1,https://powo.science.kew.org/taxon/urn:lsid:ipni.org:names:20001462-1,177816,wfo-0000296026,http://www.biodiversitylibrary.org/openurl?ctx_ver=Z39.88-2004&rft.date=2001&rft.spage=138&rft.volume=53&rft_id=http://www.biodiversitylibrary.org/bibliography/77306&rft_val_fmt=info:ofi/fmt:kev:mtx:book&url_ver=z39.88-2004,IPNI; POWO/WCVP,,,
Rhaphidophora minor,Hook.f.,1893,Fl. Brit. India [J. D. Hooker] 6(19): 544 (1893),,Penins. Ma),Pen. Thailand to W. & C. Malesia,Borneo; Peninsular Malaysia; Philippines; Sulawesi; Sumatra; Thailand,,,Rhaphidophora celebica K.Krause,88540-1,https://www.ipni.org/n/88540-1,https://powo.science.kew.org/taxon/urn:lsid:ipni.org:names:88540-1,177817,wfo-0000296027,http://www.biodiversitylibrary.org/openurl?ctx_ver=Z39.88-2004&rft_id=http://www.biodiversitylibrary.org/page/356113&rft_val_fmt=info:ofi/fmt:kev:mtx:book&url_ver=z39.88-2004,IPNI; POWO/WCVP,,,
Rhaphidophora moluccensis,Engl. & K.Krause,1908,Pflanzenr. Arac.-Monster. 36 (1908),,Ins. Molucc,Maluku,Maluku,,,,88541-1,https://www.ipni.org/n/88541-1,https://powo.science.kew.org/taxon/urn:lsid:ipni.org:names:88541-1,177818,wfo-0000296028,,IPNI; POWO/WCVP,,,
Rhaphidophora montana,(Blume) Schott,1863,Ann. Mus. Bot. Lugduno-Batavi 1: 128 (1863),Calla montana Blume,Java,S. Thailand to Malesia,Java; Lesser Sunda Islands; Maluku; Peninsular Malaysia; Sulawesi; Sumatra; Thailand,,,Calla montana Blume; Rhaphidophora angulata (Miq.) Schott; Rhaphidophora fallax Schott; Scindapsus angulatus Miq.; Scindapsus montanus (Blume) Kunth,88542-1,https://www.ipni.org/n/88542-1,https://powo.science.kew.org/taxon/urn:lsid:ipni.org:names:88542-1,177819,wfo-0000296029,http://www.biodiversitylibrary.org/openurl?ctx_ver=Z39.88-2004&rft.date=1863&rft.spage=128&rft.volume=1&rft_id=http://www.biodiversitylibrary.org/bibliography/113&rft_val_fmt=info:ofi/fmt:kev:mtx:book&url_ver=z39.88-2004,IPNI; POWO/WCVP,,,
Rhaphidophora monticola,K.Krause,1910,"Bot. Jahrb. Syst. 44(2-3, Beibl. 101): 12 (1910)",,Ins. Pltilipp,Philippines,Philippines,,,Rhaphidophora bulusanensis Elmer,88543-1,https://www.ipni.org/n/88543-1,https://powo.science.kew.org/taxon/urn:lsid:ipni.org:names:88543-1,177820,wfo-0000296031,,IPNI; POWO/WCVP,,,
Rhaphidophora muluensis,S.Y.Wong & P.C.Boyce,2022,Aroideana 45(2): 538 (2022),,,Borneo (Sarawak),Borneo,,,,77306094-1,https://www.ipni.org/n/77306094-1,https://powo.science.kew.org/taxon/urn:lsid:ipni.org:names:77306094-1,3295213,wfo-1000059040,,IPNI; POWO/WCVP,,,
Rhaphidophora neglecta,A.Hay & P.C.Boyce,2019,"Aroideana 42(2,3): 9 (2019)",,,New South Wales,New South Wales,,,,77208917-1,https://www.ipni.org/n/77208917-1,https://powo.science.kew.org/taxon/urn:lsid:ipni.org:names:77208917-1,538569,wfo-1000034264,,IPNI; POWO/WCVP,,,
Rhaphidophora neoguineensis,Engl.,1889,Fl. Kais. Wilh. Land [K.M. Schumann & M.U. Hollrung] 19 (1889),,N. Guin,New Guinea,New Guinea,,,Rhaphidophora novoguineensis Engl.,88546-1,https://www.ipni.org/n/88546-1,https://powo.science.kew.org/taxon/urn:lsid:ipni.org:names:88546-1,177823,wfo-0000296034,,IPNI; POWO/WCVP,,,
Rhaphidophora nicolsonii,P.C.Boyce,1999,Gard. Bull. Singapore 51(2): 236 (1999),,,Pen. Malaysia (Pahang),Peninsular Malaysia,,,,1013501-1,https://www.ipni.org/n/1013501-1,https://powo.science.kew.org/taxon/urn:lsid:ipni.org:names:1013501-1,177824,wfo-0000296035,http://www.biodiversitylibrary.org/openurl?ctx_ver=Z39.88-2004&rft.date=1999&rft.issue=2&rft.spage=236&rft.volume=51&rft_id=http://www.biodiversitylibrary.org/bibliography/77306&rft_val_fmt=info:ofi/fmt:kev:mtx:book&url_ver=z39.88-2004,IPNI; POWO/WCVP,,,
Rhaphidophora okapensis,P.C.Boyce & Bogner,2000,Gard. Bull. Singapore 52(1): 94 (2000),,,Papua New Guinea,New Guinea,,,,1016896-1,https://www.ipni.org/n/1016896-1,https://powo.science.kew.org/taxon/urn:lsid:ipni.org:names:1016896-1,177831,wfo-0000296043,http://www.biodiversitylibrary.org/openurl?ctx_ver=Z39.88-2004&rft.date=2000&rft.issue=1&rft.spage=94&rft.volume=52&rft_id=http://www.biodiversitylibrary.org/bibliography/77306&rft_val_fmt=info:ofi/fmt:kev:mtx:book&url_ver=z39.88-2004,IPNI; POWO/WCVP,,,
Rhaphidophora oligosperma,Alderw.,1922,"Bull. Jard. Bot. Buitenzorg ser. III, iv. 340 (1922).",,Ins. Molucc. (Ternate),"Maluku, New Guinea ?",Maluku,,New Guinea,,88553-1,https://www.ipni.org/n/88553-1,https://powo.science.kew.org/taxon/urn:lsid:ipni.org:names:88553-1,177832,wfo-0000296044,,IPNI; POWO/WCVP,,,
Rhaphidophora ovoidea,A.Chev.,1909,"J. Bot. (Morot) sér. 2, 2: 135 (1909)",,Afr. trop,SW. Ivory Coast,Ivory Coast,,,,88555-1,https://www.ipni.org/n/88555-1,https://powo.science.kew.org/taxon/urn:lsid:ipni.org:names:88555-1,177834,wfo-0000296046,,IPNI; POWO/WCVP,,,
Rhaphidophora pachyphylla,K.Krause,1912,Bot. Jahrb. Syst. 49(1): 92 (1912),,N. Guin,New Guinea,New Guinea,,,,88556-1,https://www.ipni.org/n/88556-1,https://powo.science.kew.org/taxon/urn:lsid:ipni.org:names:88556-1,177835,wfo-0000296047,http://www.biodiversitylibrary.org/openurl?ctx_ver=Z39.88-2004&rft.date=1912&rft.issue=1&rft.spage=92&rft.volume=49&rft_id=http://www.biodiversitylibrary.org/bibliography/60&rft_val_fmt=info:ofi/fmt:kev:mtx:book&url_ver=z39.88-2004,IPNI; POWO/WCVP,,,
Rhaphidophora parvifolia,Alderw.,1922,"Bull. Jard. Bot. Buitenzorg ser. III, iv. 338 (1922).",,Ins. Molucc. (Ternare),Maluku,Maluku,,,,88561-1,https://www.ipni.org/n/88561-1,https://powo.science.kew.org/taxon/urn:lsid:ipni.org:names:88561-1,177840,wfo-0000296053,,IPNI; POWO/WCVP,,,
Rhaphidophora peepla,(Roxb.) Schott,1857,Bonplandia 5: 45 (1857),Pothos peepla Roxb.,Ind or.; Malaya,Nepal to SC. China and Indo-China,Assam; Bangladesh; Cambodia; China South-Central; East Himalaya; Laos; Myanmar; Nepal; Thailand; Vietnam,,,Monstera peepla (Roxb.) Schott; Pothos peepla Roxb.; Pothos pipla Schult. & Schult.f.; Rhaphidophora manipurensis Engl. & K.Krause; Scindapsus peepla (Roxb.) Schott,88563-1,https://www.ipni.org/n/88563-1,https://powo.science.kew.org/taxon/urn:lsid:ipni.org:names:88563-1,177842,wfo-0000296055,http://www.biodiversitylibrary.org/openurl?ctx_ver=Z39.88-2004&rft.date=1857&rft.spage=45&rft.volume=5&rft_id=http://www.biodiversitylibrary.org/bibliography/5823&rft_val_fmt=info:ofi/fmt:kev:mtx:book&url_ver=z39.88-2004,IPNI; POWO/WCVP,,,
Rhaphidophora peeploides,Engl.,1898,Bot. Jahrb. Syst. 25(1-2): 7 (1898),,Hort,Malesia (?),,,Borneo; Sulawesi,,88565-1,https://www.ipni.org/n/88565-1,https://powo.science.kew.org/taxon/urn:lsid:ipni.org:names:88565-1,177844,wfo-0000296057,http://www.biodiversitylibrary.org/openurl?ctx_ver=Z39.88-2004&rft.date=1898&rft.spage=7&rft.volume=25&rft_id=http://www.biodiversitylibrary.org/bibliography/60&rft_val_fmt=info:ofi/fmt:kev:mtx:book&url_ver=z39.88-2004,IPNI; POWO/WCVP,,,
Rhaphidophora perkinsiae,Engl.,1905,Bot. Jahrb. Syst. 37(1): 115 (1905),,InS. Philipp,Philippines,Philippines,,,,88566-1,https://www.ipni.org/n/88566-1,https://powo.science.kew.org/taxon/urn:lsid:ipni.org:names:88566-1,177845,wfo-0000296058,http://www.biodiversitylibrary.org/openurl?ctx_ver=Z39.88-2004&rft.date=1905&rft.issue=1&rft.spage=115&rft.volume=37&rft_id=http://www.biodiversitylibrary.org/bibliography/60&rft_val_fmt=info:ofi/fmt:kev:mtx:book&url_ver=z39.88-2004,IPNI; POWO/WCVP,,,
Rhaphidophora pertusa,(Roxb.) Schott,1857,Bonplandia 5: 45 (1857),Pothos pertusus Roxb.,As. trop. [Austral.; Ins. Pacif],"Maldives, S. India, Andaman Is., Bangladesh to N. Thailand, Sri Lanka",Andaman Islands; Bangladesh; India; Maldives; Myanmar; Sri Lanka; Thailand,West Himalaya,,Monstera pertusa (Roxb.) Schott; Pothos pertusus Roxb.; Rhaphidophora lacera Hassk.; Scindapsus peepla Thwaites; Scindapsus pertusus (Roxb.) Schott,88567-1,https://www.ipni.org/n/88567-1,https://powo.science.kew.org/taxon/urn:lsid:ipni.org:names:88567-1,177846,wfo-0000296059,http://www.biodiversitylibrary.org/openurl?ctx_ver=Z39.88-2004&rft.date=1857&rft.spage=45&rft.volume=5&rft_id=http://www.biodiversitylibrary.org/bibliography/5823&rft_val_fmt=info:ofi/fmt:kev:mtx:book&url_ver=z39.88-2004,IPNI; POWO/WCVP,,,
Rhaphidophora petrieana,A.Hay,1993,Telopea 5(2): 295 (1993),,,NE. Queensland,Queensland,,,,970838-1,https://www.ipni.org/n/970838-1,https://powo.science.kew.org/taxon/urn:lsid:ipni.org:names:970838-1,177847,wfo-0000296060,http://www.biodiversitylibrary.org/openurl?ctx_ver=Z39.88-2004&rft.date=1993&rft.issue=2&rft.spage=295&rft.volume=5&rft_id=http://www.biodiversitylibrary.org/bibliography/157010&rft_val_fmt=info:ofi/fmt:kev:mtx:book&url_ver=z39.88-2004,IPNI; POWO/WCVP,,,
Rhaphidophora philippinensis,Engl. & K.Krause,1908,Pflanzenr. Arac.-Monster. 137 (1908),,Ins. Philipp,Philippines,Philippines,,,Rhaphidophora rigida K.Krause,88568-1,https://www.ipni.org/n/88568-1,https://powo.science.kew.org/taxon/urn:lsid:ipni.org:names:88568-1,177848,wfo-0000296061,,IPNI; POWO/WCVP,,,
Rhaphidophora pilosa,P.C.Boyce,2001,Gard. Bull. Singapore 53(1-2): 151 (2001),,,W. New Guinea,New Guinea,,,,20001463-1,https://www.ipni.org/n/20001463-1,https://powo.science.kew.org/taxon/urn:lsid:ipni.org:names:20001463-1,177849,wfo-0000296062,http://www.biodiversitylibrary.org/openurl?ctx_ver=Z39.88-2004&rft.date=2001&rft.spage=151&rft.volume=53&rft_id=http://www.biodiversitylibrary.org/bibliography/77306&rft_val_fmt=info:ofi/fmt:kev:mtx:book&url_ver=z39.88-2004,IPNI; POWO/WCVP,,,
Rhaphidophora puberula,Engl.,1880,Bot. Jahrb. Syst. 1(2): 180 (1880),,Sumatra,"Assam, W. & S. Malesia",Assam; Borneo; Lesser Sunda Islands; Peninsular Malaysia; Sumatra,,,Rhaphidophora batoeensis Engl. & K.Krause; Rhaphidophora gracilipes Hook.f.; Rhaphidophora hallieri Alderw.; Rhaphidophora kunstleri Hook.f.; Rhaphidophora pilosula Alderw.; Rhaphidophora scaberula Alderw.; Rhaphidophora scortechinii Hook.f.,88573-1,https://www.ipni.org/n/88573-1,https://powo.science.kew.org/taxon/urn:lsid:ipni.org:names:88573-1,177854,wfo-0000296068,http://www.biodiversitylibrary.org/openurl?ctx_ver=Z39.88-2004&rft.date=1880&rft.issue=2&rft.spage=180&rft.volume=1&rft_id=http://www.biodiversitylibrary.org/bibliography/60&rft_val_fmt=info:ofi/fmt:kev:mtx:book&url_ver=z39.88-2004,IPNI; POWO/WCVP,,,
Rhaphidophora pusilla,N.E.Br.,1897,Bull. Misc. Inform. Kew 1897(128-129): 286 (1897),,Afr. trop,Cameroon to Gabon,Cameroon; Equatorial Guinea; Gabon,,,Afrorhaphidophora pusilla (N.E.Br.) Engl.,88574-1,https://www.ipni.org/n/88574-1,https://powo.science.kew.org/taxon/urn:lsid:ipni.org:names:88574-1,177855,wfo-0000296069,http://www.biodiversitylibrary.org/openurl?ctx_ver=Z39.88-2004&rft_id=http://www.biodiversitylibrary.org/page/40914760&rft_val_fmt=info:ofi/fmt:kev:mtx:book&url_ver=z39.88-2004,IPNI; POWO/WCVP,,,
Rhaphidophora sabit,P.C.Boyce,2000,Gard. Bull. Singapore 52(1): 161 (2000),,,Sulawesi,Sulawesi,,,,1016900-1,https://www.ipni.org/n/1016900-1,https://powo.science.kew.org/taxon/urn:lsid:ipni.org:names:1016900-1,177860,wfo-0000296075,http://www.biodiversitylibrary.org/openurl?ctx_ver=Z39.88-2004&rft.date=2000&rft.issue=1&rft.spage=161&rft.volume=52&rft_id=http://www.biodiversitylibrary.org/bibliography/77306&rft_val_fmt=info:ofi/fmt:kev:mtx:book&url_ver=z39.88-2004,IPNI; POWO/WCVP,,,
Rhaphidophora sarasinorum,Engl.,1905,Bot. Jahrb. Syst. 37(1): 114 (1905),,Celebes,Sulawesi,Sulawesi,,,,88578-1,https://www.ipni.org/n/88578-1,https://powo.science.kew.org/taxon/urn:lsid:ipni.org:names:88578-1,177861,wfo-0000296076,http://www.biodiversitylibrary.org/openurl?ctx_ver=Z39.88-2004&rft.date=1905&rft.issue=1&rft.spage=114&rft.volume=37&rft_id=http://www.biodiversitylibrary.org/bibliography/60&rft_val_fmt=info:ofi/fmt:kev:mtx:book&url_ver=z39.88-2004,IPNI; POWO/WCVP,,,
Rhaphidophora schlechteri,K.Krause,1912,Bot. Jahrb. Syst. 49(1): 94 (1912),,N. Guin,Papua New Guinea to Solomon Is.,Bismarck Archipelago; New Guinea; Solomon Islands,,,Rhaphidophora buergersii Engl. & K.Krause; Rhaphidophora conferta K.Krause; Rhaphidophora drepanophylla Alderw.; Rhaphidophora obliquata Alderw.; Rhaphidophora peekelii Engl. & K.Krause,88580-1,https://www.ipni.org/n/88580-1,https://powo.science.kew.org/taxon/urn:lsid:ipni.org:names:88580-1,177863,wfo-0000296078,http://www.biodiversitylibrary.org/openurl?ctx_ver=Z39.88-2004&rft.date=1912&rft.issue=1&rft.spage=94&rft.volume=49&rft_id=http://www.biodiversitylibrary.org/bibliography/60&rft_val_fmt=info:ofi/fmt:kev:mtx:book&url_ver=z39.88-2004,IPNI; POWO/WCVP,,,
Rhaphidophora sonlaensis,V.D.Nguyen & P.C.Boyce,2017,Ann. Bot. Fenn. 54(1-3): 111 (2017),,,Vietnam,Vietnam,,,,77163882-1,https://www.ipni.org/n/77163882-1,https://powo.science.kew.org/taxon/urn:lsid:ipni.org:names:77163882-1,526646,wfo-1000047402,,IPNI; POWO/WCVP,,,
Rhaphidophora spathacea,Schott,1863,Ann. Mus. Bot. Lugduno-Batavi 1: 129 (1863),,Java,New Guinea to Caroline Is.,Caroline Is.; New Guinea,,,Rhaphidophora apiculata K.Krause; Rhaphidophora engleri Kaneh.; Rhaphidophora forbesii Rendle; Rhaphidophora kanehirae Hatus.; Rhaphidophora oblongifolia Schott; Rhaphidophora palauensis Engl. & K.Krause; Rhaphidophora palauensis Koidz.,88583-1,https://www.ipni.org/n/88583-1,https://powo.science.kew.org/taxon/urn:lsid:ipni.org:names:88583-1,177866,wfo-0000296081,http://www.biodiversitylibrary.org/openurl?ctx_ver=Z39.88-2004&rft.date=1863&rft.spage=129&rft.volume=1&rft_id=http://www.biodiversitylibrary.org/bibliography/113&rft_val_fmt=info:ofi/fmt:kev:mtx:book&url_ver=z39.88-2004,IPNI; POWO/WCVP,,,
Rhaphidophora spuria,(Schott) Nicolson,1978,Allertonia 1(6): 348 (1978): (1978),Cuscuaria spuria Schott,,Papua New Guinea to SW. Pacific,Fiji; New Guinea; Samoa; Santa Cruz Is.; Solomon Islands; Vanuatu,,,Cuscuaria spuria Schott; Rhaphidophora graeffei Engl.; Rhaphidophora peepla var. storckiana (Schott) Engl.; Rhaphidophora reineckei Engl.; Rhaphidophora storckiana Schott,907931-1,https://www.ipni.org/n/907931-1,https://powo.science.kew.org/taxon/urn:lsid:ipni.org:names:907931-1,177867,wfo-0000296082,,IPNI; POWO/WCVP,,,
Rhaphidophora stenophylla,K.Krause,1912,Bot. Jahrb. Syst. 49(1): 94 (1912),,N. Guin,Papua New Guinea (incl. Louisiade Arch.),New Guinea,,,,88584-1,https://www.ipni.org/n/88584-1,https://powo.science.kew.org/taxon/urn:lsid:ipni.org:names:88584-1,177868,wfo-0000296083,http://www.biodiversitylibrary.org/openurl?ctx_ver=Z39.88-2004&rft.date=1912&rft.issue=1&rft.spage=94&rft.volume=49&rft_id=http://www.biodiversitylibrary.org/bibliography/60&rft_val_fmt=info:ofi/fmt:kev:mtx:book&url_ver=z39.88-2004,IPNI; POWO/WCVP,,,
Rhaphidophora stolleana,Engl. & K.Krause,1916,Bot. Jahrb. Syst. 54(1): 79 (1916),,N. Guin,NE. Papua New Guinea,New Guinea,,,,88586-1,https://www.ipni.org/n/88586-1,https://powo.science.kew.org/taxon/urn:lsid:ipni.org:names:88586-1,177870,wfo-0000296086,http://www.biodiversitylibrary.org/openurl?ctx_ver=Z39.88-2004&rft.date=1916&rft.issue=1&rft.spage=79&rft.volume=54&rft_id=http://www.biodiversitylibrary.org/bibliography/60&rft_val_fmt=info:ofi/fmt:kev:mtx:book&url_ver=z39.88-2004,IPNI; POWO/WCVP,,,
Rhaphidophora sulcata,Gagnep.,1941,Notul. Syst. (Paris) 9: 137 (1941),,Indo-China (Anam),S. Vietnam,Vietnam,,,,88589-1,https://www.ipni.org/n/88589-1,https://powo.science.kew.org/taxon/urn:lsid:ipni.org:names:88589-1,177873,wfo-0000296089,http://www.biodiversitylibrary.org/openurl?ctx_ver=Z39.88-2004&rft.date=1941&rft.spage=137&rft.volume=9&rft_id=http://www.biodiversitylibrary.org/bibliography/314&rft_val_fmt=info:ofi/fmt:kev:mtx:book&url_ver=z39.88-2004,IPNI; POWO/WCVP,,,
Rhaphidophora sylvestris,(Blume) Engl.,1879,Monogr. Phan. [A.DC. & C.DC.] 2: 239 (1879),Calla sylvestris Blume,,Pen. Thailand to Malesia and New Guinea (Kep. Aru),Borneo; Java; Lesser Sunda Islands; Maluku; New Guinea; Peninsular Malaysia; Sumatra; Thailand,,,Calla sylvestris Blume; Monstera lingulata K.Koch ex Endler; Rhaphidophora angustifolia Schott; Rhaphidophora gratissima Becc.; Rhaphidophora lingulata (Hassk.) Schott; Rhaphidophora motleyana Engl. & K.Krause; Rhaphidophora nigrescens Ridl.; Rhaphidophora wrayi Hook.f.; Scindapsus angustifolius Hassk.; Scindapsus aruensis Engl.; Scindapsus fragilis Elmer; Scindapsus lingulatus Hassk.; Scindapsus sylvestris (Blume) Kunth,88590-1,https://www.ipni.org/n/88590-1,https://powo.science.kew.org/taxon/urn:lsid:ipni.org:names:88590-1,177874,wfo-0000296090,http://www.biodiversitylibrary.org/openurl?ctx_ver=Z39.88-2004&rft.date=1879&rft.spage=239&rft.volume=2&rft_id=http://www.biodiversitylibrary.org/bibliography/45961&rft_val_fmt=info:ofi/fmt:kev:mtx:book&url_ver=z39.88-2004,IPNI; POWO/WCVP,,,
Rhaphidophora talamauana,Alderw.,1920,"Bull. Jard. Bot. Buitenzorg ser. III, i. 384 (1920).",,Sumatra,W. Sumatera,Sumatra,,,,88591-1,https://www.ipni.org/n/88591-1,https://powo.science.kew.org/taxon/urn:lsid:ipni.org:names:88591-1,177875,wfo-0000296091,,IPNI; POWO/WCVP,,,
Rhaphidophora tenuis,Engl.,1880,Bot. Jahrb. Syst. 1(2): 181 (1880),,Borneo,NW. Borneo,Borneo,,,Rhaphidophora korthalsii var. angustiloba Ridl. ex Engl. & K.Krause,88593-1,https://www.ipni.org/n/88593-1,https://powo.science.kew.org/taxon/urn:lsid:ipni.org:names:88593-1,177876,wfo-0000296092,http://www.biodiversitylibrary.org/openurl?ctx_ver=Z39.88-2004&rft.date=1880&rft.issue=2&rft.spage=181&rft.volume=1&rft_id=http://www.biodiversitylibrary.org/bibliography/60&rft_val_fmt=info:ofi/fmt:kev:mtx:book&url_ver=z39.88-2004,IPNI; POWO/WCVP,,,
Rhaphidophora ternatensis,Alderw.,1922,"Bull. Jard. Bot. Buitenzorg ser. III, iv. 194 (1922).",,Ins. Molucc. (Ternate),Maluku,Maluku,,,,88592-1,https://www.ipni.org/n/88592-1,https://powo.science.kew.org/taxon/urn:lsid:ipni.org:names:88592-1,177877,wfo-0000296093,,IPNI; POWO/WCVP,,,
Rhaphidophora tetrasperma,Hook.f.,1893,Fl. Brit. India [J. D. Hooker] 6(19): 548 (1893),,Perak,Pen. Thailand to Pen. Malaysia,Peninsular Malaysia; Thailand,,,,88594-1,https://www.ipni.org/n/88594-1,https://powo.science.kew.org/taxon/urn:lsid:ipni.org:names:88594-1,177879,wfo-0000296095,http://www.biodiversitylibrary.org/openurl?ctx_ver=Z39.88-2004&rft_id=http://www.biodiversitylibrary.org/page/356117&rft_val_fmt=info:ofi/fmt:kev:mtx:book&url_ver=z39.88-2004,IPNI; POWO/WCVP,,,
Rhaphidophora teysmanniana,Engl. & K.Krause,1908,Pflanzenr. Arac.-Monster. 35 (1908),,Celebes,Sulawesi,Sulawesi,,,,88595-1,https://www.ipni.org/n/88595-1,https://powo.science.kew.org/taxon/urn:lsid:ipni.org:names:88595-1,177880,wfo-0000296097,,IPNI; POWO/WCVP,,,
Rhaphidophora todayensis,K.Krause,1911,Bot. Jahrb. Syst. 45(5): 658 (1911),,Ins. Philipp. (Mindanao),Philippines (Mindanao),Philippines,,,,88596-1,https://www.ipni.org/n/88596-1,https://powo.science.kew.org/taxon/urn:lsid:ipni.org:names:88596-1,177881,wfo-0000296098,http://www.biodiversitylibrary.org/openurl?ctx_ver=Z39.88-2004&rft.date=1911&rft.issue=5&rft.spage=658&rft.volume=45&rft_id=http://www.biodiversitylibrary.org/bibliography/60&rft_val_fmt=info:ofi/fmt:kev:mtx:book&url_ver=z39.88-2004,IPNI; POWO/WCVP,,,
Rhaphidophora tonkinensis,Engl. & K.Krause,1908,Pflanzenr. Arac.-Monster. 34 (1908),,Indo-China,Vietnam,Vietnam,,,,88597-1,https://www.ipni.org/n/88597-1,https://powo.science.kew.org/taxon/urn:lsid:ipni.org:names:88597-1,177882,wfo-0000296099,,IPNI; POWO/WCVP,,,
Rhaphidophora typha,P.C.Boyce,2005,Gard. Bull. Singapore 57(2): 211 (-216; fig. 1) (2005),,,Borneo,Borneo,,,,77072211-1,https://www.ipni.org/n/77072211-1,https://powo.science.kew.org/taxon/urn:lsid:ipni.org:names:77072211-1,344684,wfo-0000806421,http://www.biodiversitylibrary.org/openurl?ctx_ver=Z39.88-2004&rft.date=2005&rft.issue=2&rft.spage=211&rft.volume=57&rft_id=http://www.biodiversitylibrary.org/bibliography/77306&rft_val_fmt=info:ofi/fmt:kev:mtx:book&url_ver=z39.88-2004,IPNI; POWO/WCVP,,,
Rhaphidophora ustulata,P.C.Boyce,2000,Gard. Bull. Singapore 52(1): 176 (2000),,,Sumatera,Sumatra,,,,1016901-1,https://www.ipni.org/n/1016901-1,https://powo.science.kew.org/taxon/urn:lsid:ipni.org:names:1016901-1,177885,wfo-0000296102,http://www.biodiversitylibrary.org/openurl?ctx_ver=Z39.88-2004&rft.date=2000&rft.issue=1&rft.spage=176&rft.volume=52&rft_id=http://www.biodiversitylibrary.org/bibliography/77306&rft_val_fmt=info:ofi/fmt:kev:mtx:book&url_ver=z39.88-2004,IPNI; POWO/WCVP,,,
Rhaphidophora versteegii,Engl. & K.Krause,1910,Nova Guinea 8: 248 (1910),,N. Guin,New Guinea to Bismarck Arch.,Bismarck Archipelago; New Guinea,,,Rhaphidophora ledermannii Engl. & K.Krause,88600-1,https://www.ipni.org/n/88600-1,https://powo.science.kew.org/taxon/urn:lsid:ipni.org:names:88600-1,177886,wfo-0000296103,http://www.biodiversitylibrary.org/openurl?ctx_ver=Z39.88-2004&rft.date=1910&rft.spage=248&rft.volume=8&rft_id=http://www.biodiversitylibrary.org/bibliography/10923&rft_val_fmt=info:ofi/fmt:kev:mtx:book&url_ver=z39.88-2004,IPNI; POWO/WCVP,,,
Rhaphidophora waria,P.C.Boyce,2001,Gard. Bull. Singapore 53(1-2): 174 (2001),,,New Guinea,New Guinea,,,,20001465-1,https://www.ipni.org/n/20001465-1,https://powo.science.kew.org/taxon/urn:lsid:ipni.org:names:20001465-1,177890,wfo-0000296108,http://www.biodiversitylibrary.org/openurl?ctx_ver=Z39.88-2004&rft.date=2001&rft.spage=174&rft.volume=53&rft_id=http://www.biodiversitylibrary.org/bibliography/77306&rft_val_fmt=info:ofi/fmt:kev:mtx:book&url_ver=z39.88-2004,IPNI; POWO/WCVP,,,
